Address,Category,City,Delivery,Fri,Health_Score,Highlights,Mon,Name,Phone,Price,Rating,Reviews,Sat,Smoking,Sun,Take_out,Thu,Tue,Wed,Wi_Fi
"102 F St,Davis,CA,95616","American (New),Bars",Davis,No,"11:30 am - 2:00 pm,5:00 pm - 9:00 pm",,"Happy hour specials,Catering service,Vegan friendly,Gluten-free friendly,Locally sourced ingredients,Takes reservations",Closed,Seasons Restaurant,(530) 746-5500,$11-30,3.5,279,"11:30 am - 2:00 pm,5:00 pm - 9:00 pm",,"11:00 am - 2:00 pm,5:00 pm - 8:00 pm",Yes,"11:30 am - 2:00 pm,5:00 pm - 9:00 pm","11:30 am - 2:00 pm,5:00 pm - 9:00 pm","11:30 am - 2:00 pm,5:00 pm - 9:00 pm",No
"236 B St,Davis,CA,95616",,Davis,No,11:00 am - 10:00 pm,,,Closed,Village Pizza & Pints,(530) 231-3499,,4.0,59,11:00 am - 10:00 pm,,11:00 am - 10:00 pm,Yes,11:00 am - 10:00 pm,11:00 am - 10:00 pm,11:00 am - 10:00 pm,Free
"640 W Covell Blvd,Ste E,Davis,CA,95616",Mexican,Davis,No,8:00 am - 10:00 pm,,,8:00 am - 9:30 pm,Taqueria Guadalajara,(530) 297-4000,Under $10,4.0,730,8:00 am - 10:00 pm,,8:00 am - 10:00 pm,Yes,8:00 am - 9:30 pm,8:00 am - 9:30 pm,8:00 am - 9:30 pm,No
"620 W Covell Blvd,Ste B,Davis,CA,95616",Sushi Bars,Davis,No,"11:00 am - 2:30 pm,5:00 pm - 9:30 pm",,,"11:00 am - 2:30 pm,5:00 pm - 9:00 pm",I Love Sushi,(530) 758-4560,$11-30,4.0,185,11:00 am - 9:30 pm,,12:00 pm - 9:00 pm,Yes,"11:00 am - 2:30 pm,5:00 pm - 9:00 pm","11:00 am - 2:30 pm,5:00 pm - 9:00 pm","11:00 am - 2:30 pm,5:00 pm - 9:00 pm",No
"206 3rd St,Davis,CA,95616",,Davis,No,9:15 am - 10:00 pm,,,9:15 am - 10:00 pm,Cajun Feast,(530) 231-5366,,4.0,57,9:15 am - 10:00 pm,,9:15 am - 10:00 pm,Yes,9:15 am - 10:00 pm,9:15 am - 10:00 pm,9:15 am - 10:00 pm,Free
"222 D St,Ste 11,Davis,CA,95616","American (New),Desserts,Wine Bars",Davis,No,"11:30 am - 1:30 pm,5:30 pm - 8:00 pm",,,Closed,The Mustard Seed,(530) 758-5750,$31-60,3.5,283,"10:00 am - 1:00 pm,5:30 pm - 8:30 pm",,10:00 am - 1:00 pm,Yes,"11:30 am - 1:30 pm,5:30 pm - 8:00 pm","11:30 am - 1:30 pm,5:30 pm - 8:00 pm","11:30 am - 1:30 pm,5:30 pm - 8:00 pm",No
"219 G St,Davis,CA,95616","Pizza,Gluten-Free,Vegetarian",Davis,Yes,11:00 am - 2:00 am,,,11:00 am - 1:00 am,Woodstock's Pizza Davis,(530) 757-2525,$11-30,4.0,767,11:00 am - 2:00 am,,11:00 am - 12:00 am,Yes,11:00 am - 2:00 am,11:00 am - 1:00 am,11:00 am - 1:00 am,Free
"417 Mace Blvd,Davis,CA,95618","Japanese,Sushi Bars",Davis,Yes,11:30 am - 10:00 pm,,,11:30 am - 9:30 pm,Huku Japanese Bistro,(530) 750-0858,$11-30,4.0,314,12:00 pm - 9:30 pm,,12:00 pm - 9:00 pm,Yes,11:30 am - 9:30 pm,11:30 am - 9:30 pm,11:30 am - 9:30 pm,No
"234 E St,Davis,CA,95616","Indian,Himalayan/Nepalese,Seafood",Davis,Yes,11:00 am - 10:00 pm,,,Closed,Yeti Restaurant,(530) 747-0123,$11-30,4.0,309,11:00 am - 10:00 pm,,11:00 am - 10:00 pm,Yes,11:00 am - 10:00 pm,11:00 am - 10:00 pm,11:00 am - 10:00 pm,Free
"1753 Research Park Dr,Davis,CA,95618","Dim Sum,Cantonese,Seafood",Davis,No,11:00 am - 9:30 pm,,,11:00 am - 9:30 pm,Well Season,(530) 750-1802,$11-30,3.5,67,10:30 am - 9:30 pm,,10:30 am - 9:30 pm,Yes,11:00 am - 9:30 pm,11:00 am - 9:30 pm,11:00 am - 9:30 pm,No
"516 2nd St,Davis,CA,95616","Seafood,Poke,Ramen",Davis,No,11:00 am - 10:00 pm,,"12 years in business,Locally sourced ingredients,Grab-and-go,Large group friendly,Kid friendly,Family-owned & operated",11:00 am - 10:00 pm,Fish's Wild Island Grill,(530) 753-8883,$11-30,4.0,324,11:00 am - 10:00 pm,,11:00 am - 10:00 pm,Yes,11:00 am - 10:00 pm,11:00 am - 10:00 pm,11:00 am - 10:00 pm,No
"730 3rd St,Davis,CA,95616","Sushi Bars,Poke,Caterers",Davis,No,11:00 am - 10:00 pm,,,11:00 am - 9:00 pm,Zumapoke & Lush Ice,(530) 341-0498,$11-30,4.5,465,11:00 am - 10:00 pm,,11:00 am - 9:00 pm,Yes,11:00 am - 9:00 pm,11:00 am - 9:00 pm,11:00 am - 9:00 pm,No
"247 3rd St,Davis,CA,95616",,Davis,,,,,,Tim's Hawaiian BBQ,(530) 564-7368,,3.5,17,,,,,,,,
"417 Mace Blvd,Davis,CA,95618",Chinese,Davis,No,11:00 am - 9:30 pm,,,11:00 am - 9:00 pm,Wok of Flame,(530) 753-0888,$11-30,4.0,462,11:00 am - 9:30 pm,,12:00 pm - 9:00 pm,Yes,11:00 am - 9:00 pm,11:00 am - 9:00 pm,11:00 am - 9:00 pm,No
"117 E St,Davis,CA,95616","Thai,Salad,Noodles",Davis,No,11:00 am - 12:00 am,,,11:00 am - 10:00 pm,Thai Canteen,(530) 231-5465,$11-30,3.5,949,11:00 am - 12:00 am,,11:00 am - 12:00 am,Yes,11:00 am - 12:00 am,11:00 am - 12:00 am,11:00 am - 12:00 am,Free
"505 1/2 L St,Davis,CA,95616",Mexican,Davis,No,11:00 am - 9:00 pm,,,11:00 am - 9:00 pm,Taqueria Davis,(530) 758-8453,Under $10,4.5,552,11:00 am - 9:00 pm,,Closed,Yes,11:00 am - 9:00 pm,11:00 am - 9:00 pm,11:00 am - 9:00 pm,No
"236 A St,Davis,CA,95616","Bubble Tea,Juice Bars & Smoothies,Ramen",Davis,No,11:00 am - 9:00 pm,,,11:00 am - 9:00 pm,i-Tea,(530) 838-9288,Under $10,4.0,91,11:00 am - 9:00 pm,,11:00 am - 9:00 pm,Yes,11:00 am - 9:00 pm,11:00 am - 9:00 pm,11:00 am - 9:00 pm,Free
"250 Dorset Ct,Dixon,CA,95620","Steakhouses,American (Traditional)",Davis,No,4:00 pm - 10:00 pm,83 out of 100,,4:00 pm - 10:00 pm,Cattlemens,(707) 678-5518,$11-30,4.0,724,4:00 pm - 10:00 pm,,4:00 pm - 10:00 pm,Yes,4:00 pm - 10:00 pm,4:00 pm - 10:00 pm,4:00 pm - 10:00 pm,Free
"825 Russell Blvd,Ste 22,Davis,CA,95616","Bubble Tea,Taiwanese",Davis,No,11:30 am - 1:00 am,,,11:30 am - 12:00 am,The Old Teahouse,(530) 746-5973,Under $10,4.0,193,11:30 am - 1:00 am,,11:30 am - 12:00 am,Yes,11:30 am - 12:00 am,11:30 am - 12:00 am,11:30 am - 12:00 am,Free
"407 G St,Ste 4,Davis,CA,95616","Desserts,Bubble Tea,Ramen",Davis,Yes,3:00 pm - 12:00 am,,,3:00 pm - 12:00 am,Lazi Cow,(530) 746-2088,Under $10,3.5,434,12:00 pm - 12:00 am,,12:00 pm - 12:00 am,Yes,3:00 pm - 12:00 am,3:00 pm - 12:00 am,3:00 pm - 12:00 am,Free
"204 G St,Davis,CA,95616","Chinese,Asian Fusion,Soup",Davis,No,11:00 am - 2:00 am,,,11:00 am - 12:00 am,Open Rice Kitchen,(530) 757-2328,Under $10,3.0,537,11:00 am - 2:00 am,,11:00 am - 12:00 am,Yes,11:00 am - 2:00 am,11:00 am - 12:00 am,11:00 am - 12:00 am,Free
"234 D St,Davis,CA,95616",American (New),Davis,No,7:00 am - 10:00 pm,,,7:00 am - 9:00 pm,Cafe Bernardo,(530) 750-5101,$11-30,3.5,544,8:00 am - 10:00 pm,,8:00 am - 9:00 pm,Yes,7:00 am - 9:00 pm,7:00 am - 9:00 pm,7:00 am - 9:00 pm,Free
"640 West Covell Blvd,Ste A,Davis,CA,95616","Middle Eastern,Mediterranean",Davis,No,11:00 am - 9:00 pm,,,11:00 am - 9:00 pm,Chickpeas Kitchen - Davis,(800) 909-5353,Under $10,4.0,310,11:00 am - 9:00 pm,,11:00 am - 9:00 pm,Yes,11:00 am - 9:00 pm,11:00 am - 9:00 pm,11:00 am - 9:00 pm,No
"238 G St,Davis,CA,95616","Thai,Bars",Davis,Yes,"11:00 am - 2:00 pm,4:00 pm - 10:00 pm",,,Closed,KetMoRee Thai Restaurant & Bar,(530) 759-2255,$11-30,3.0,581,12:00 pm - 10:00 pm,No,12:00 pm - 9:00 pm,Yes,"11:00 am - 2:00 pm,4:00 pm - 10:00 pm",4:00 pm - 9:00 pm,4:00 pm - 9:00 pm,Free
"132 E St,Ste 100,Davis,CA,95616","Sushi Bars,Japanese",Davis,No,"11:30 am - 2:00 pm,5:30 pm - 10:00 pm",,,4:30 pm - 9:00 pm,Zen Toro Japanese Bistro & Sushi Bar,(530) 753-0154,$11-30,3.5,464,4:30 pm - 10:00 pm,,Closed,Yes,"11:30 am - 2:00 pm,5:30 pm - 9:00 pm","11:30 am - 2:00 pm,5:30 pm - 9:00 pm","11:30 am - 2:00 pm,5:30 pm - 9:00 pm",No
"1260 Lake Blvd,Ste 111,Davis,CA,95616",Chinese,Davis,No,11:30 am - 9:30 pm,,,Closed,Shanghai Town,(530) 758-4663,Under $10,3.5,313,11:30 am - 9:30 pm,,11:30 am - 9:30 pm,Yes,11:30 am - 9:30 pm,11:30 am - 9:30 pm,11:30 am - 9:30 pm,No
"129 E St,Ste E,Davis,CA,95616","Thai,Bars,Music Venues",Davis,No,"11:30 am - 2:00 pm,5:00 pm - 9:30 pm",,,"11:30 am - 2:00 pm,5:00 pm - 9:00 pm",Sophia's Thai Bar & Kitchen,(530) 758-4333,$11-30,3.5,686,"11:30 am - 2:00 pm,5:00 pm - 9:30 pm",,"11:30 am - 2:00 pm,5:00 pm - 9:00 pm",Yes,"11:30 am - 2:00 pm,5:00 pm - 9:00 pm","11:30 am - 2:00 pm,5:00 pm - 9:00 pm","11:30 am - 2:00 pm,5:00 pm - 9:00 pm",Free
"335 F St,Davis,CA,95616",Cantonese,Davis,No,11:30 am - 9:30 pm,,,11:30 am - 9:30 pm,Tasty Kitchen,(530) 753-7007,$11-30,3.0,216,11:30 am - 9:30 pm,,11:30 am - 9:30 pm,Yes,11:30 am - 9:30 pm,11:30 am - 9:30 pm,11:30 am - 9:30 pm,No
"305 1st St,Davis,CA,95616",Mexican,Davis,Yes,8:00 am - 11:30 pm,,,8:00 am - 11:00 pm,Davis's Piñata Mexican Grill,(530) 750-5001,Under $10,4.0,204,8:00 am - 11:30 pm,,8:00 am - 11:00 pm,Yes,8:00 am - 11:30 pm,8:00 am - 11:00 pm,8:00 am - 11:00 pm,Free
"122 B St,Davis,CA,95616","Pubs,Cafes",Davis,No,7:30 am - 2:00 pm,,,Closed,Delta of Venus,(530) 753-8639,$11-30,4.0,399,7:30 am - 2:00 pm,,7:30 am - 2:00 pm,Yes,7:30 am - 2:00 pm,Closed,7:30 am - 2:00 pm,Free
"234 G St,Davis,CA,95616","Indian,Himalayan/Nepalese",Davis,Yes,11:00 am - 11:00 pm,,,11:00 am - 10:00 pm,Kathmandu Kitchen,(530) 756-3507,$11-30,3.5,488,11:00 am - 11:00 pm,,11:00 am - 10:00 pm,Yes,11:00 am - 10:00 pm,11:00 am - 10:00 pm,11:00 am - 10:00 pm,No
"222 D St,Ste 3,Davis,CA,95616","Coffee & Tea,Tea Rooms,Sandwiches",Davis,No,10:00 am - 6:00 pm,,,Closed,Tea List,(530) 750-2700,$11-30,4.0,367,10:00 am - 6:00 pm,,11:00 am - 5:00 pm,Yes,10:00 am - 5:30 pm,Closed,10:00 am - 5:30 pm,No
"330 3rd St,Davis,CA,95616","Breakfast & Brunch,Creperies,Sandwiches",Davis,No,7:00 am - 11:00 pm,,,7:00 am - 11:00 pm,Crepeville,(530) 750-2400,$11-30,4.0,909,7:00 am - 11:00 pm,,7:00 am - 11:00 pm,Yes,7:00 am - 11:00 pm,7:00 am - 11:00 pm,7:00 am - 11:00 pm,Free
"2191 Cowell Blvd,Davis,CA,95618","Tex-Mex,Tacos",Davis,No,11:00 am - 9:30 pm,,,11:00 am - 9:30 pm,Dos Coyotes Border Cafe,(530) 758-1400,$11-30,3.5,395,11:00 am - 9:30 pm,,11:00 am - 9:30 pm,Yes,11:00 am - 9:30 pm,11:00 am - 9:30 pm,11:00 am - 9:30 pm,No
"2191 Cowell Blvd,Ste E,Davis,CA,95618","Cafes,Bubble Tea",Davis,Yes,12:00 pm - 2:00 am,,,12:00 pm - 2:00 am,Teabo Café,(530) 297-7417,Under $10,3.5,526,12:00 pm - 2:00 am,,12:00 pm - 2:00 am,Yes,12:00 pm - 2:00 am,12:00 pm - 2:00 am,12:00 pm - 2:00 am,No
"1411 W Covell Blvd,Ste 107,Davis,CA,95616","Tex-Mex,Tacos",Davis,,11:00 am - 10:00 pm,,,11:00 am - 9:30 pm,Dos Coyotes Border Cafe,(530) 753-0922,Under $10,3.5,439,11:00 am - 10:00 pm,,11:00 am - 9:30 pm,Yes,11:00 am - 9:30 pm,11:00 am - 9:30 pm,11:00 am - 9:30 pm,No
"640 W Covell Blvd,Davis,CA,95616","Chinese,Vegetarian",Davis,No,11:30 am - 9:30 pm,,,11:30 am - 9:30 pm,Ding How Restaurant,(530) 753-3590,Under $10,3.5,249,11:30 am - 9:30 pm,,4:30 pm - 9:30 pm,Yes,11:30 am - 9:30 pm,11:30 am - 9:30 pm,11:30 am - 9:30 pm,No
"814 2nd St,Davis,CA,95616","Bakeries,Pizza,Salad",Davis,Yes,6:00 am - 9:00 pm,,,6:00 am - 9:00 pm,Village Bakery,(530) 750-2255,Under $10,4.0,281,6:00 am - 9:00 pm,,8:00 am - 8:00 pm,Yes,6:00 am - 9:00 pm,6:00 am - 9:00 pm,6:00 am - 9:00 pm,Free
"213 E St,Ste C,Davis,CA,95616","Taiwanese,Desserts,Cafes",Davis,No,11:00 am - 11:00 pm,,,11:00 am - 10:00 pm,Honey D Cafe,(530) 564-7168,$11-30,3.5,47,12:00 pm - 11:00 pm,,11:00 am - 10:00 pm,,11:00 am - 10:00 pm,11:00 am - 10:00 pm,11:00 am - 10:00 pm,
"524 2nd St,Davis,CA,95616",Pizza,Davis,No,11:30 am - 1:00 am,,,11:30 am - 10:00 pm,Uncle Vito's Slice of NY,(530) 758-3000,Under $10,3.5,340,11:30 am - 1:00 am,,11:30 am - 10:00 pm,Yes,10:30 am - 10:00 pm,11:30 am - 10:00 pm,11:30 am - 10:00 pm,No
"206 E St,Davis,CA,95616",,Davis,Yes,11:30 am - 10:00 pm,,,11:30 am - 8:00 pm,BurgerIM,,,3.0,43,11:30 am - 10:00 pm,,11:30 am - 8:00 pm,Yes,11:30 am - 10:00 pm,11:30 am - 8:00 pm,11:30 am - 8:00 pm,
"2710 East 5th St,Davis,CA,95618","Bakeries,Coffee & Tea,Austrian",Davis,No,6:00 am - 6:00 pm,,,Closed,Konditorei Austrian Pastry Cafe,(530) 758-1331,$11-30,4.0,342,7:00 am - 3:00 pm,,7:00 am - 1:00 pm,Yes,6:00 am - 6:00 pm,6:00 am - 6:00 pm,6:00 am - 6:00 pm,Free
"223 F St,Davis,CA,95616","Mexican,Tex-Mex",Davis,No,10:00 am - 3:00 am,,,10:00 am - 11:00 pm,Taqueria El Burrito,(530) 756-1606,Under $10,3.5,447,9:00 am - 3:00 am,,9:00 am - 11:00 pm,Yes,10:00 am - 3:00 am,10:00 am - 11:00 pm,10:00 am - 11:00 pm,No
"2880 5th St,Ste 105,Davis,CA,95618","Sushi Bars,Japanese",Davis,No,"11:15 am - 2:30 pm,5:00 pm - 9:00 pm",,,"11:15 am - 2:30 pm,5:00 pm - 9:00 pm",Nami Sushi,(916) 999-1113,$11-30,3.5,302,"11:15 am - 2:30 pm,5:00 pm - 9:00 pm",,"11:15 am - 2:30 pm,5:00 pm - 9:00 pm",No,"11:15 am - 2:30 pm,5:00 pm - 9:00 pm","11:15 am - 2:30 pm,5:00 pm - 9:00 pm","11:15 am - 2:30 pm,5:00 pm - 9:00 pm",No
"707 2nd St,Davis,CA,95616","Sushi Bars,Buffets",Davis,No,"10:30 am - 2:30 pm,4:30 pm - 9:00 pm",,,"10:30 am - 2:30 pm,4:30 pm - 9:00 pm",Davis Sushi Buffet,(530) 297-1999,$11-30,3.0,640,"10:30 am - 2:30 pm,4:30 pm - 9:00 pm",,"10:30 am - 2:30 pm,4:30 pm - 9:00 pm",Yes,"10:30 am - 2:30 pm,4:30 pm - 9:00 pm","10:30 am - 2:30 pm,4:30 pm - 9:00 pm","10:30 am - 2:30 pm,4:30 pm - 9:00 pm",No
"129 E St,Space A-1,Davis,CA,95616",Hot Dogs,Davis,No,11:00 am - 12:00 am,,,11:00 am - 7:00 pm,The Hotdogger,(530) 753-6291,Under $10,4.0,261,11:00 am - 12:00 am,,11:00 am - 7:00 pm,Yes,11:00 am - 12:00 am,11:00 am - 12:00 am,11:00 am - 7:00 pm,No
"226 F St,Davis,CA,95616","Bars,American (Traditional),Breakfast & Brunch",Davis,No,11:00 am - 12:00 am,,,11:00 am - 9:00 pm,Bistro 33,(530) 756-4556,$11-30,2.5,850,11:00 am - 12:00 am,,9:00 am - 9:00 pm,Yes,11:00 am - 12:00 am,11:00 am - 9:00 pm,11:00 am - 9:00 pm,No
"212 F St,Davis,CA,95616","Sandwiches,Vegan,Gluten-Free",Davis,No,10:00 am - 9:00 pm,,,10:00 am - 8:00 pm,Ike's Sandwiches,(530) 746-2525,Under $10,4.0,333,10:00 am - 9:00 pm,,10:00 am - 8:00 pm,Yes,10:00 am - 8:00 pm,10:00 am - 8:00 pm,10:00 am - 8:00 pm,No
"550 Oxford Cir,Davis,CA,95616","Buffets,Cafeteria",Davis,No,Open 24 hours,,,Open 24 hours,Cuarto Dining Commons,(530) 752-6658,Under $10,4.0,16,Open 24 hours,,Open 24 hours,No,Open 24 hours,Open 24 hours,Open 24 hours,Free
"105 E Dorset Dr,Ste A,Dixon,CA,95620",Mexican,Davis,No,10:30 am - 9:00 pm,76 out of 100,,10:30 am - 8:00 pm,La Cocina Mexicana Restaurant,(707) 693-1102,Under $10,4.0,281,9:00 am - 9:00 pm,,9:00 am - 8:00 pm,Yes,10:30 am - 9:00 pm,10:30 am - 8:00 pm,10:30 am - 8:00 pm,No
"The Silo,University of California Davis,Davis,CA,95616","Creperies,French",Davis,No,7:00 am - 2:00 pm,,,7:00 am - 5:00 pm,La Crepe,(530) 752-7057,Under $10,4.0,50,Closed,,Closed,Yes,7:00 am - 5:00 pm,7:00 am - 5:00 pm,7:00 am - 5:00 pm,Free
"4823 Chiles Rd,Davis,CA,95618",Thai,Davis,Yes,"11:00 am - 3:00 pm,5:00 pm - 9:30 pm",,,"11:00 am - 3:00 pm,5:00 pm - 9:30 pm",Kow Thai Restaurant,(530) 756-9894,$11-30,3.5,45,4:30 pm - 9:30 pm,,4:30 pm - 9:30 pm,Yes,"11:00 am - 3:00 pm,5:00 pm - 9:30 pm","11:00 am - 3:00 pm,5:00 pm - 9:30 pm","11:00 am - 3:00 pm,5:00 pm - 9:30 pm",Free
"Davis,CA,95618",,Davis,No,5:00 pm - 9:00 pm,,,Closed,Street Cravings,,,4.5,11,5:00 pm - 9:00 pm,,Closed,Yes,Closed,5:00 pm - 8:00 pm,Closed,No
"314 F St,Davis,CA,95616","Pizza,Italian",Davis,Yes,11:00 am - 10:00 pm,,,11:00 am - 9:00 pm,Steve's Pizza,(530) 758-2800,$11-30,3.5,174,11:00 am - 10:00 pm,,11:00 am - 9:00 pm,Yes,11:00 am - 9:00 pm,11:00 am - 9:00 pm,11:00 am - 9:00 pm,Free
"228 G St,Davis,CA,95616","Barbeque,Sports Bars,Music Venues",Davis,Yes,11:00 am - 2:00 am,,,11:00 am - 2:00 am,G Street WunderBar,(530) 756-9227,Under $10,3.0,156,11:00 am - 2:00 am,,11:00 am - 2:00 am,Yes,11:00 am - 2:00 am,11:00 am - 2:00 am,11:00 am - 2:00 am,Free
"825 Russell Blvd,Ste 23,Davis,CA,95616","Sandwiches,Salad,Soup",Davis,No,11:00 am - 8:00 pm,,,11:00 am - 8:00 pm,Sourdough & Co,(530) 564-6200,Under $10,3.5,105,11:00 am - 8:00 pm,,11:00 am - 8:00 pm,Yes,11:00 am - 8:00 pm,11:00 am - 8:00 pm,11:00 am - 8:00 pm,No
"216 F St,Bistro 33 Davis,Davis,CA,95616","American (New),Sports Bars",Davis,No,3:00 pm - 1:00 am,,,3:00 pm - 9:00 pm,City Hall Tavern,(530) 756-4556,$11-30,3.5,61,10:00 am - 12:00 am,,9:00 am - 9:00 pm,Yes,3:00 pm - 1:00 am,3:00 pm - 9:00 pm,3:00 pm - 9:00 pm,No
"130 G St,Ste A,Davis,CA,95616","Juice Bars & Smoothies,Sandwiches,Breakfast & Brunch",Davis,Yes,8:00 am - 4:30 pm,,,8:00 am - 4:30 pm,Three Ladies Cafe,(530) 302-3434,$11-30,3.5,111,8:00 am - 4:30 pm,,8:00 am - 4:30 pm,Yes,8:00 am - 4:30 pm,8:00 am - 4:30 pm,8:00 am - 4:30 pm,Free
"206 F St,Davis,CA,95616","Bagels,Coffee & Tea,Sandwiches",Davis,,6:00 am - 4:30 pm,,,6:00 am - 4:30 pm,The Posh Bagel,(530) 753-6770,Under $10,4.0,235,6:00 am - 4:30 pm,,6:00 am - 4:30 pm,Yes,6:00 am - 4:30 pm,6:00 am - 4:30 pm,6:00 am - 4:30 pm,
"825 Russell Blvd,Davis,CA,95616","Sushi Bars,Ramen",Davis,No,11:00 am - 9:00 pm,,,11:00 am - 9:00 pm,Ramen Hook,(530) 757-1256,Under $10,3.0,201,12:00 pm - 9:00 pm,,Closed,Yes,11:00 am - 9:00 pm,11:00 am - 9:00 pm,11:00 am - 9:00 pm,No
"1414 E Covell Blvd,Davis,CA,95616","Grocery,Fruits & Veggies,Sandwiches",Davis,No,6:00 am - 11:00 pm,,"Locally owned & operated,93 years in business",6:00 am - 11:00 pm,Nugget Markets,(530) 750-3800,$11-30,4.5,355,6:00 am - 11:00 pm,,6:00 am - 11:00 pm,Yes,6:00 am - 11:00 pm,6:00 am - 11:00 pm,6:00 am - 11:00 pm,No
"408 G St,Davis,CA,95616",Chicken Wings,Davis,No,11:00 am - 12:00 am,,,11:00 am - 12:00 am,Wingstop,(530) 759-9464,$11-30,3.0,135,11:00 am - 12:00 am,,11:00 am - 12:00 am,Yes,11:00 am - 12:00 am,11:00 am - 12:00 am,11:00 am - 12:00 am,No
"1260 Lake Blvd,Ste 113,Davis,CA,95616","Pizza,Sports Bars",Davis,Yes,10:00 am - 11:00 pm,,,10:00 am - 10:00 pm,Lamppost Pizza,(530) 758-1111,$11-30,4.0,161,10:00 am - 11:00 pm,,10:00 am - 10:00 pm,Yes,10:00 am - 10:00 pm,10:00 am - 10:00 pm,10:00 am - 10:00 pm,Free
"618 2nd St,Davis,CA,95616","Ice Cream & Frozen Yogurt,Cafes",Davis,No,1:00 pm - 10:00 pm,,,1:00 pm - 9:30 pm,Icekrimski Cafe,(530) 758-5264,Under $10,4.0,170,1:00 pm - 10:00 pm,,1:00 pm - 9:30 pm,Yes,1:00 pm - 9:30 pm,1:00 pm - 9:30 pm,1:00 pm - 9:30 pm,No
"482 Hutchison Dr,Davis,CA,95616",American (New),Davis,No,,,,,The Gunrock,(530) 564-8438,$11-30,4.0,50,,,,Yes,,,,Free
"431 G St,Davis,CA,95616","Coffee & Tea,Breakfast & Brunch,Sandwiches",Davis,No,7:00 am - 10:00 pm,,,7:00 am - 10:00 pm,Barista Brew Cafe,(530) 757-7575,Under $10,4.0,165,8:00 am - 10:00 pm,,9:00 am - 6:00 pm,Yes,7:00 am - 10:00 pm,7:00 am - 10:00 pm,7:00 am - 10:00 pm,Free
"337 G St,Davis,CA,95616","Fast Food,Burgers,Tacos",Davis,No,Open 24 hours,,,Open 24 hours,Jack in the Box,(530) 297-0400,Under $10,2.5,75,Open 24 hours,,Open 24 hours,Yes,Open 24 hours,Open 24 hours,Open 24 hours,No
"609 3rd St,Davis,CA,95616","Sandwiches,Salad,Soup",Davis,Yes,6:00 am - 9:00 pm,,,6:00 am - 9:00 pm,Panera Bread,(530) 757-1235,Under $10,3.0,154,6:00 am - 9:00 pm,,7:00 am - 9:00 pm,Yes,6:00 am - 9:00 pm,6:00 am - 9:00 pm,6:00 am - 9:00 pm,Free
"1491 W Covell Blvd,Davis,CA,95616","Chinese,Fast Food",Davis,No,10:00 am - 10:30 pm,,,10:00 am - 10:30 pm,Panda Express,(530) 757-2332,Under $10,2.5,87,10:30 am - 10:30 pm,,10:30 am - 10:00 pm,Yes,10:00 am - 10:30 pm,10:00 am - 10:30 pm,10:00 am - 10:30 pm,No
"505 L St,Davis,CA,95616",Pizza,Davis,Yes,10:00 am - 11:00 pm,,,10:00 am - 11:00 pm,Pizza Guys,(530) 758-8888,Under $10,3.5,76,10:00 am - 11:00 pm,,10:00 am - 11:00 pm,Yes,10:00 am - 11:00 pm,10:00 am - 11:00 pm,10:00 am - 11:00 pm,No
"470 La Rue Rd,Davis,CA,95616",Cafeteria,Davis,No,7:00 am - 8:00 pm,,,7:00 am - 12:00 am,Segundo Dining Commons,(530) 752-0135,Under $10,4.0,47,9:00 am - 7:00 pm,,9:00 am - 8:00 pm,No,7:00 am - 12:00 am,7:00 am - 12:00 am,7:00 am - 12:00 am,Free
"409 Mace Blvd,Davis,CA,95618","Grocery,Fruits & Veggies,Sandwiches",Davis,No,7:00 am - 10:00 pm,,"Locally owned & operated,93 years in business",7:00 am - 10:00 pm,Nugget Markets,(530) 753-6690,$11-30,4.5,122,7:00 am - 10:00 pm,,7:00 am - 10:00 pm,Yes,7:00 am - 10:00 pm,7:00 am - 10:00 pm,7:00 am - 10:00 pm,No
"1 Shields Ave,Davis,CA,95616",,Davis,,,,,,Taos Cafe,,,5.0,1,,,,,,,,
"1300 E Covell Blvd,Ste B,Davis,CA,95616","Pizza,Chicken Wings,Italian",Davis,Yes,11:00 am - 9:00 pm,,,11:00 am - 9:00 pm,Cenario's Pizza of Davis,(530) 759-1100,Under $10,3.5,60,11:00 am - 9:00 pm,,11:00 am - 9:00 pm,Yes,11:00 am - 9:00 pm,11:00 am - 9:00 pm,11:00 am - 9:00 pm,No
"330 G St,Ste F,Davis,CA,95616",,Davis,,3:30 pm - 1:30 am,,,3:30 pm - 9:00 pm,Parkside Bar & Lounge,(530) 792-1202,,2.0,4,3:30 pm - 1:30 am,No,9:00 am - 8:30 pm,,3:30 pm - 1:30 am,3:30 pm - 9:00 pm,3:30 pm - 9:00 pm,Free
"521 2nd St,Davis,CA,95616","Coffee & Tea,Breakfast & Brunch",Davis,No,6:00 am - 8:00 pm,,,6:00 am - 8:00 pm,Philz Coffee,(530) 231-5255,Under $10,4.0,161,6:00 am - 8:00 pm,,6:00 am - 8:00 pm,Yes,6:00 am - 8:00 pm,6:00 am - 8:00 pm,6:00 am - 8:00 pm,Free
"1617 Research Park Dr,Davis,CA,95616","Fast Food,Chicken Wings,Chicken Shop",Davis,No,10:30 am - 10:00 pm,,,10:30 am - 10:00 pm,KFC,(530) 756-2400,Under $10,1.5,148,10:30 am - 10:00 pm,,10:30 am - 10:00 pm,Yes,10:30 am - 10:00 pm,10:30 am - 10:00 pm,10:30 am - 10:00 pm,No
"640 W Covell Blvd,Ste D,Davis,CA,95616","Barbeque,American (Traditional),Southern",Davis,Yes,11:00 am - 9:00 pm,,,11:00 am - 9:00 pm,Dickey's Barbecue Pit,(530) 341-0623,$11-30,2.5,98,11:00 am - 9:00 pm,,11:00 am - 9:00 pm,Yes,11:00 am - 9:00 pm,11:00 am - 9:00 pm,11:00 am - 9:00 pm,Free
"4444 Chiles Rd,Davis,CA,95616","Fast Food,Burgers,Coffee & Tea",Davis,No,4:45 am - 3:00 am,,,4:45 am - 2:00 am,McDonald's,(530) 753-5001,Under $10,3.0,142,4:45 am - 3:00 am,,4:45 am - 2:00 am,Yes,4:45 am - 2:00 am,4:45 am - 2:00 am,4:45 am - 2:00 am,Free
"1260 Lake Blvd,Davis,CA,95616","Grocery,Delis",Davis,,7:00 am - 12:00 am,,,7:00 am - 12:00 am,Westlake Market,(530) 792-1698,$11-30,4.5,48,7:00 am - 12:00 am,,7:00 am - 12:00 am,Yes,7:00 am - 12:00 am,7:00 am - 12:00 am,7:00 am - 12:00 am,
"Sacramento,CA,95828",,Davis,No,,,,,Thai Lemongrass,(916) 926-1305,,4.5,6,,,,No,,,,
"757 Russell Blvd,Space 29,Davis,CA,95616",Sandwiches,Davis,No,7:00 am - 10:00 pm,,,7:00 am - 10:00 pm,Subway,(530) 753-3223,Under $10,2.0,57,8:00 am - 10:00 pm,,9:00 am - 10:00 pm,Yes,7:00 am - 10:00 pm,7:00 am - 10:00 pm,7:00 am - 10:00 pm,No
"Unversity Of California,Hutchinson Dr,Davis,CA,95616",Fast Food,Davis,No,,,,,Silo,(530) 752-2656,Under $10,3.0,34,,,,Yes,,,,Free
"4811 Chiles Road,Davis,CA,95618","Tacos,Breakfast & Brunch",Davis,Yes,6:00 am - 12:00 am,,,6:00 am - 12:00 am,Taco Bell,(530) 753-9423,Under $10,2.5,55,6:00 am - 12:00 am,,6:00 am - 12:00 am,Yes,6:00 am - 12:00 am,6:00 am - 12:00 am,6:00 am - 12:00 am,No
"1 Shields Ave,Davis,CA,95616","Coffee & Tea,Breakfast & Brunch,Tex-Mex",Davis,No,7:00 am - 6:00 pm,,,7:00 am - 10:00 pm,ASUCD Coffee House Coho,(530) 752-6622,Under $10,3.5,173,10:00 am - 5:00 pm,,10:00 am - 5:00 pm,Yes,7:00 am - 10:00 pm,7:00 am - 10:00 pm,7:00 am - 10:00 pm,Free
"1411 W Covell Blvd,Ste 105,Davis,CA,95616","Sandwiches,Fast Food,Salad",Davis,No,10:00 am - 8:00 pm,,,10:00 am - 8:00 pm,Togo's Sandwiches,(530) 750-2625,Under $10,3.5,59,11:00 am - 8:00 pm,,11:00 am - 8:00 pm,Yes,10:00 am - 8:00 pm,10:00 am - 8:00 pm,10:00 am - 8:00 pm,No
"1 Shields Ave,Davis,CA,95616",,Davis,,7:30 am - 5:00 pm,,,7:30 am - 6:30 pm,BioBrew by CoHo,(530) 752-3075,,5.0,1,Closed,,Closed,,7:30 am - 6:30 pm,7:30 am - 6:30 pm,7:30 am - 6:30 pm,
"1701 Cowell Blvd,Davis,CA,95618","Fast Food,Burgers",Davis,No,6:00 am - 12:00 am,,,6:00 am - 11:00 pm,Carl's Jr,(530) 756-1626,Under $10,2.5,24,6:00 am - 12:00 am,,6:00 am - 11:00 pm,Yes,6:00 am - 11:00 pm,6:00 am - 11:00 pm,6:00 am - 11:00 pm,Free
"Davis,CA,95616","Street Vendors,Sandwiches",Davis,No,11:00 am - 2:00 pm,,,"5:00 am - 7:00 am,11:00 am - 3:00 pm",Star Ginger Food Truck,,Under $10,2.5,43,Closed,,Closed,Yes,"5:00 am - 7:00 am,11:00 am - 3:00 pm","5:00 am - 7:00 am,11:00 am - 3:00 pm","5:00 am - 7:00 am,11:00 am - 3:00 pm",
"110 F St,Davis,CA,95616","American (Traditional),Coffee & Tea",Davis,No,6:00 am - 10:00 pm,,,6:00 am - 10:00 pm,Cafe 110,(530) 753-3600,Under $10,2.5,8,6:00 am - 10:00 pm,,6:00 am - 10:00 pm,Yes,6:00 am - 10:00 pm,6:00 am - 10:00 pm,6:00 am - 10:00 pm,No
"1100 Richards Blvd,Sacramento,CA,95811",,Davis,,,100 out of 100,,,Candies Kitchen,(916) 439-9922,,4.5,4,,,,Yes,,,,
"397 Hutchinson Dr,Davis,CA,95616","Coffee & Tea,Sandwiches,Cafeteria",Davis,No,7:30 am - 6:00 pm,,,7:30 am - 10:00 pm,Coho South Cafe,(530) 752-2249,$11-30,3.5,19,Closed,,Closed,Yes,7:30 am - 10:00 pm,7:30 am - 10:00 pm,7:30 am - 10:00 pm,
"1 Shields Ave,Davis,CA,95616","Food Court,Mexican",Davis,No,7:00 am - 4:00 pm,,,7:00 am - 6:00 pm,TxMx Grill,(530) 752-1011,Under $10,3.5,6,Closed,,Closed,Yes,7:00 am - 6:00 pm,7:00 am - 6:00 pm,7:00 am - 6:00 pm,Free
"1616 E Covell Blvd,Davis,CA,95616","Fast Food,Burgers",Davis,No,6:00 am - 11:00 pm,,,6:00 am - 11:00 pm,Carl's Jr.,(530) 758-1050,Under $10,2.5,25,6:00 am - 11:00 pm,,6:00 am - 11:00 pm,Yes,6:00 am - 11:00 pm,6:00 am - 11:00 pm,6:00 am - 11:00 pm,No
"Sacramento,CA,95811","Seafood,Food Trucks",Davis,Yes,,Pass,,,Cousins Maine Lobster - Sacramento,(916) 270-2674,$11-30,4.0,315,,,,Yes,,,,No
"235 E Dorset Dr,Dixon,CA,95620",Sandwiches,Davis,,8:00 am - 10:00 pm,,,8:00 am - 10:00 pm,Subway,(707) 678-4501,Under $10,3.5,9,8:00 am - 10:00 pm,,8:00 am - 10:00 pm,Yes,8:00 am - 10:00 pm,8:00 am - 10:00 pm,8:00 am - 10:00 pm,
"Davis,CA",,Davis,,,,,,Lunch,,,,,,,,,,,,
"Sacramento,CA,95811","Food Trucks,Italian,Pizza",Davis,Yes,11:00 am - 9:00 pm,Pass,,Closed,Che Buono,(916) 430-6663,$11-30,4.5,46,11:00 am - 9:00 pm,,Closed,Yes,11:00 am - 9:00 pm,11:00 am - 2:00 pm,11:00 am - 2:00 pm,No
"115 East Dorset Dr,Ste E,Dixon,CA,95620",,Davis,,,,,,Burgerim,,,,,,,,,,,,
"150 Dorset Dr,Dixon,CA,95620","Fast Food,Burgers,Tacos",Davis,No,Open 24 hours,83 out of 100,,Open 24 hours,Jack in the Box,(707) 678-3045,Under $10,3.0,35,Open 24 hours,,Open 24 hours,Yes,Open 24 hours,Open 24 hours,Open 24 hours,No
"130 G St,Davis,CA,95616",,Davis,No,,,,,Pachamama Coffee,(530) 204-7554,,,,,,,No,,,,Free
"Davis,CA,95618",,Davis,,,,,,Zaragoza Lounge,,,,,,,,,,,,
"Napa,CA,94581","Food Trucks,Wraps",Davis,No,10:30 am - 2:00 pm,A,,10:30 am - 2:00 pm,Phat Salads and Wraps,(707) 363-9658,Under $10,4.0,48,Closed,,Closed,Yes,10:30 am - 2:00 pm,10:30 am - 2:00 pm,10:30 am - 2:00 pm,No
"305 First St,Davis,CA,95616",,Davis,,,,,,Andrew's,,,,,,,,,,,,
"Davis,CA,95616",,Davis,,,,,,“ El rinconcito Garibaldi ” with rubio's catering,(530) 554-0283,,1.0,1,,,,,,,,
"215 Dorset Ct,Dixon,CA,95620","Burgers,Fast Food",Davis,No,,,,,Wendy's,(707) 678-2126,Under $10,,,,,,,,,,
"1106 N D,Ste 22,Sacramento,CA,95811","American (Traditional),Food Trucks",Davis,No,10:00 am - 9:00 pm,Pass,,Closed,Bacon MANia Truck,(916) 934-2674,$11-30,3.5,159,10:00 am - 9:00 pm,,10:00 am - 9:00 pm,Yes,10:00 am - 9:00 pm,10:00 am - 9:00 pm,10:00 am - 9:00 pm,No
"6854 Sievers Rd,Dixon,CA,95620",Sandwiches,Davis,No,6:00 am - 9:00 pm,,,6:00 am - 9:00 pm,Subway,(707) 678-4400,Under $10,2.5,2,7:00 am - 9:00 pm,,7:00 am - 9:00 pm,Yes,6:00 am - 9:00 pm,6:00 am - 9:00 pm,6:00 am - 9:00 pm,
"Davis,CA,95618",,Davis,,,,,,Yesiah Latin Food,(530) 220-7044,,,,,,,,,,,
"Stockton,CA,95204",,Davis,Yes,11:30 am - 4:30 pm,,,11:30 am - 2:30 pm,Mudville Mc's,(657) 229-4627,,3.0,3,Closed,,Closed,Yes,11:30 am - 4:30 pm,11:30 am - 4:30 pm,11:30 am - 4:30 pm,
"Rio Linda,CA,95673",,Davis,No,9:00 am - 8:00 pm,,,9:00 am - 8:00 pm,BayAreaTacoCatering,(510) 866-6832,,,,9:00 am - 8:00 pm,,Closed,No,9:00 am - 8:00 pm,9:00 am - 8:00 pm,9:00 am - 8:00 pm,No
"Elk Grove,CA,95758",,Davis,No,10:00 am - 3:00 pm,,,10:00 am - 3:00 pm,Gondo Fusion,(650) 218-5404,,4.0,13,Closed,,Closed,Yes,10:00 am - 3:00 pm,10:00 am - 3:00 pm,10:00 am - 3:00 pm,
"3500 Anderson Rd,Davis,CA,95616",,Davis,,,,,,Delis Lydia,(530) 231-5720,,,,,,,,,,,
"550 Oxford Cir,Davis,CA,95616",,Davis,,,,,,Oxford Circle Dining Common,(530) 752-6658,,,,,,,,,,,
"Davis,CA,95618",,Davis,,,,,,Yesiah Latin Food,(530) 220-7044,,,,,,,,,,,
"Sacramento,CA,95835","Food Trucks,Barbeque",Davis,,,,,,All Angle BBQ,(916) 308-7570,$31-60,1.0,7,,,,,,,,
"125 E. Dorset Ave,Dixon,CA,95620","Fast Food,Burgers",Davis,No,10:00 am - 11:00 pm,88 out of 100,,10:00 am - 11:00 pm,Wendy's,(707) 678-7248,Under $10,2.5,50,10:00 am - 11:00 pm,,10:00 am - 11:00 pm,Yes,10:00 am - 11:00 pm,10:00 am - 11:00 pm,10:00 am - 11:00 pm,Free
"268 Nut Tree Rd,Vacaville,CA,95687",,Davis,No,11:30 am - 8:00 pm,,,11:30 am - 8:00 pm,Fil-Gud,(707) 389-5021,,3.0,15,11:00 am - 8:30 pm,,11:00 am - 7:00 pm,Yes,11:30 am - 8:00 pm,11:30 am - 8:00 pm,11:30 am - 8:00 pm,
"216 F St,56 B,Davis,CA,95616",,Davis,,9:00 am - 5:00 pm,,,9:00 am - 5:00 pm,Native Chops,(800) 868-2103,,,,Closed,,Closed,,9:00 am - 5:00 pm,9:00 am - 5:00 pm,9:00 am - 5:00 pm,
"Sacramento,CA,95841","Mediterranean,Food Trucks",Davis,No,,,,,GyroStop,(916) 304-4976,$11-30,4.5,83,,,,Yes,,,,No
"105 E Dorset Dr c,Dixon,CA,95620",Pizza,Davis,No,11:00 am - 8:00 pm,94 out of 100,,11:00 am - 8:00 pm,Papa Murphy's,(707) 693-6600,Under $10,4.5,20,11:00 am - 8:00 pm,,11:00 am - 8:00 pm,Yes,11:00 am - 8:00 pm,11:00 am - 8:00 pm,11:00 am - 8:00 pm,No
"233-299 W 14th St,Davis,CA,95616",,Davis,,,,,,Crunck Corner,(916) 451-2222,,,,,,,,,,,
"4748 Chiles Rd,Davis,CA,95618",Sandwiches,Davis,No,7:00 am - 10:00 pm,,,7:00 am - 10:00 pm,Subway,(530) 753-2141,Under $10,2.5,24,7:00 am - 10:00 pm,,7:00 am - 10:00 pm,Yes,7:00 am - 10:00 pm,7:00 am - 10:00 pm,7:00 am - 10:00 pm,No
"1 Shields Ave,Coho-ASUCD Coffee House,Davis,CA,95616","Salad,Sandwiches",Davis,No,,,,,Croutons,(530) 754-2646,Under $10,3.0,4,,,,Yes,,,,Free
"2014 Lyndell Ter,Ste B,Davis,CA,95616",Sandwiches,Davis,No,9:00 am - 9:00 pm,,,9:00 am - 9:00 pm,Subway,(530) 792-1084,Under $10,3.0,15,9:00 am - 9:00 pm,,9:00 am - 8:00 pm,Yes,9:00 am - 9:00 pm,9:00 am - 9:00 pm,9:00 am - 9:00 pm,No
"976 Garrod Dr,Davis,CA,95616","Coffee & Tea,Breakfast & Brunch,Burgers",Davis,No,7:00 am - 3:00 pm,,,7:00 am - 3:00 pm,Scrubs Cafe,(530) 752-6994,Under $10,3.0,32,Closed,,Closed,Yes,7:00 am - 3:00 pm,7:00 am - 3:00 pm,7:00 am - 3:00 pm,Free
"1300 E Covell Blvd,Ste C,Davis,CA,95616",Sandwiches,Davis,No,9:00 am - 9:00 pm,,,9:00 am - 9:00 pm,Subway,(530) 756-4530,Under $10,2.0,14,9:00 am - 9:00 pm,,9:00 am - 8:00 pm,Yes,9:00 am - 9:00 pm,9:00 am - 9:00 pm,8:00 am - 9:00 pm,
"49 Bicentennial Cir,Sacramento,CA,95826","Food Trucks,Mexican",Davis,No,11:00 am - 6:00 pm,Pass,,11:00 am - 6:00 pm,Paquitas Mexican Grill,(530) 848-4666,Under $10,4.5,87,11:00 am - 6:00 pm,,Closed,Yes,11:00 am - 7:00 pm,11:00 am - 7:00 pm,11:00 am - 6:00 pm,Free
"1 Shields Ave,Asucd Coffee House,Davis,CA,95616","American (New),American (Traditional),Fast Food",Davis,No,10:30 am - 6:00 pm,,,10:30 am - 9:00 pm,Ciao,(530) 754-2646,Under $10,2.0,5,11:00 am - 2:00 pm,,11:00 am - 2:00 pm,Yes,10:30 am - 9:00 pm,10:30 am - 9:00 pm,10:30 am - 9:00 pm,
"1451 W Covell Blvd,Davis,CA,95616",,Davis,,,,,,China Express,,,3.0,1,,,,,,,,
"Stockton,CA,95209",,Davis,No,Open 24 hours,,"Locally owned & operated,Established in 2018,Locally sourced ingredients,Available by appointment,Private events",Open 24 hours,FIRED Mobile Pizza Oven,(209) 242-4105,,5.0,8,Open 24 hours,,Open 24 hours,No,Open 24 hours,Open 24 hours,Open 24 hours,No
"2026 Lyndell Ter,Davis,CA,95616","Fast Food,Burgers",Davis,No,6:00 am - 10:00 pm,,,6:00 am - 10:00 pm,Burger King,(530) 297-5700,Under $10,2.5,35,6:00 am - 10:00 pm,,7:00 am - 10:00 pm,Yes,6:00 am - 10:00 pm,6:00 am - 10:00 pm,6:00 am - 10:00 pm,Free
"Sacramento,CA,95819","Pizza,Food Trucks",Davis,No,6:00 am - 6:00 pm,Pass,,6:00 am - 6:00 pm,Bella Familia Wood Fired Pizza,(916) 759-4566,$11-30,5.0,78,6:00 am - 6:00 pm,,6:00 am - 6:00 pm,No,6:00 am - 6:00 pm,6:00 am - 6:00 pm,6:00 am - 6:00 pm,No
"1100 Richards Blvd,Sacramento,CA,95814","Food Trucks,Filipino",Davis,No,8:00 am - 8:00 pm,,,8:00 am - 8:00 pm,Tailgater44 Food Truck,(916) 430-0955,$11-30,4.0,38,9:00 am - 9:00 pm,,9:00 am - 7:00 pm,Yes,8:00 am - 8:00 pm,8:00 am - 8:00 pm,8:00 am - 8:00 pm,No
"Sacramento,CA,95828",,Davis,No,,Pass,,,Zintzuni Cocina Mexicana,(916) 606-1641,,4.5,45,,,,No,,,,No
"4120 Chiles Rd,Davis,CA,95618","Pizza,Chicken Wings,Sandwiches",Davis,Yes,10:00 am - 1:00 am,,,10:00 am - 12:00 am,Domino's Pizza,(530) 204-1212,Under $10,3.5,20,10:00 am - 1:00 am,,10:00 am - 12:00 am,Yes,10:00 am - 12:00 am,10:00 am - 12:00 am,10:00 am - 12:00 am,
"La Rue Rd Dairy Rd,Davis,CA,95616",Cafeteria,Davis,No,7:00 am - 8:00 pm,,,7:00 am - 12:00 am,Tercero Dining Common,(530) 752-4271,$11-30,3.0,19,9:00 am - 7:00 pm,,9:00 am - 8:00 pm,No,7:00 am - 12:00 am,7:00 am - 12:00 am,7:00 am - 12:00 am,Free
"640 West Covell Blvd,Suite G,Davis,CA,95616",Pizza,Davis,No,11:00 am - 9:00 pm,,,11:00 am - 9:00 pm,Papa Murphy's,(530) 753-3999,$11-30,3.5,33,11:00 am - 9:00 pm,,11:00 am - 9:00 pm,Yes,11:00 am - 9:00 pm,11:00 am - 9:00 pm,11:00 am - 9:00 pm,No
"4625 2nd St,Davis,CA,95618",Pizza,Davis,,,,,,Pizza Hut,,Under $10,3.0,1,,,,,,,,
"1745 Cowell Blvd,Davis,CA,95618","Breakfast & Brunch,American (Traditional),Burgers",Davis,No,7:00 am - 12:00 am,,,7:00 am - 10:00 pm,IHOP,(530) 750-0170,$11-30,2.5,141,7:00 am - 12:00 am,,7:00 am - 10:00 pm,Yes,7:00 am - 10:00 pm,7:00 am - 10:00 pm,7:00 am - 10:00 pm,No
"425 G Street,Davis,CA,95616","Tacos,Breakfast & Brunch",Davis,Yes,9:00 am - 2:00 am,,,9:00 am - 1:00 am,Taco Bell,(530) 758-4172,Under $10,2.5,62,9:00 am - 2:00 am,,9:00 am - 1:00 am,Yes,9:00 am - 1:00 am,9:00 am - 1:00 am,9:00 am - 1:00 am,Free
"1340 E Covell Blvd,Unit 103,Davis,CA,95616",Pizza,Davis,No,11:00 am - 11:00 pm,,,11:00 am - 10:00 pm,Little Caesars Pizza,(530) 758-7000,Under $10,2.5,40,11:00 am - 11:00 pm,,11:00 am - 9:00 pm,Yes,11:00 am - 10:00 pm,11:00 am - 10:00 pm,11:00 am - 10:00 pm,No
"2038 Lyndell Ter,Ste 103,Davis,CA,95616","Pizza,Chicken Wings,Sandwiches",Davis,Yes,10:00 am - 2:00 am,,,10:00 am - 1:00 am,Domino's Pizza,(530) 756-5161,Under $10,3.5,63,10:00 am - 2:00 am,,10:00 am - 1:00 am,Yes,10:00 am - 1:00 am,10:00 am - 1:00 am,10:00 am - 1:00 am,No
"1411 W Covell Blvd,Ste 111,Davis,CA,95616",,Davis,Yes,10:30 am - 11:00 pm,,,10:30 am - 10:00 pm,Round Table Pizza,(530) 756-1000,,2.5,23,10:30 am - 11:00 pm,,10:30 am - 10:00 pm,Yes,10:30 am - 10:00 pm,10:30 am - 10:00 pm,10:30 am - 10:00 pm,
"1 Shields Ave,Davis,CA,95616",,Davis,,,,,,Swirlz Cafe,,,4.5,2,,,,,,,,
"23944 County Rd 98,Woodland,CA,95695","American (Traditional),Tacos",Davis,No,11:00 am - 9:00 pm,,,11:00 am - 9:00 pm,Plainfield Station Bar & Grill,(530) 668-0207,Under $10,4.0,78,11:00 am - 9:00 pm,,11:00 am - 9:00 pm,Yes,11:00 am - 9:00 pm,11:00 am - 9:00 pm,11:00 am - 9:00 pm,No
"420 Hutchison Dr,Davis,CA,95616",,Davis,No,9:30 am - 7:00 pm,,,9:30 am - 8:00 pm,Shah's Halal Food - UC Davis Silo,(916) 417-1917,,3.5,2,Closed,,Closed,Yes,9:30 am - 7:00 pm,9:30 am - 8:00 pm,9:30 am - 8:00 pm,No
"1 Shields Ave,Davis,CA,95616",,Davis,,,,,,The Red Chicken,,,3.0,3,,,,,,,,
"170 Dorset Dr,Dixon,CA,95620","Fast Food,Chicken Wings",Davis,No,10:00 am - 10:00 pm,,,10:00 am - 10:00 pm,Popeyes Louisiana Kitchen,(707) 693-2962,Under $10,3.0,80,10:00 am - 10:00 pm,,10:00 am - 10:00 pm,Yes,10:00 am - 10:00 pm,10:00 am - 10:00 pm,10:00 am - 10:00 pm,No
"1515 Shasta Dr,The University Retirement Community,Davis,CA,95616",,Davis,,,,,,La Brisa Bistro,(530) 747-7000,,4.0,2,,,,,,,,
"4515 Fermi Pl,Davis,CA,95618","Sandwiches,Delis,Salad",Davis,No,10:00 am - 8:00 pm,,,10:00 am - 8:00 pm,Beach Hut Deli,(530) 756-1601,$11-30,3.0,145,10:00 am - 8:00 pm,,10:00 am - 8:00 pm,Yes,10:00 am - 8:00 pm,10:00 am - 8:00 pm,10:00 am - 8:00 pm,No
"2191 Cowell Blvd,Ste F,Davis,CA,95618","Sandwiches,American (New),Soup",Davis,No,10:00 am - 6:00 pm,,,10:00 am - 6:00 pm,Mr. Pickle's Sandwich Shop,(530) 297-1300,Under $10,4.0,114,10:00 am - 5:00 pm,,11:00 am - 5:00 pm,Yes,10:00 am - 6:00 pm,10:00 am - 6:00 pm,10:00 am - 6:00 pm,No
"417 Mace Blvd,Ste I,Davis,CA,95618",,Davis,Yes,11:00 am - 10:00 pm,,,11:00 am - 9:00 pm,Extreme Pizza,(530) 564-4333,,3.5,56,11:00 am - 10:00 pm,,11:00 am - 9:00 pm,Yes,11:00 am - 9:00 pm,11:00 am - 9:00 pm,11:00 am - 9:00 pm,Free
"420 Hutchison Dr,Davis,CA,95616",,Davis,No,10:00 am - 5:00 pm,,,10:00 am - 7:00 pm,Spokes Grill,(530) 752-6335,,4.0,3,Closed,,Closed,Yes,10:00 am - 7:00 pm,10:00 am - 7:00 pm,10:00 am - 7:00 pm,Free
"606 Pena Dr,Davis,CA,95616",,Davis,,,,,,Wing-Time Buffalo Wing Sauces,(530) 753-0804,,5.0,1,,,,,,,,
"Davis,CA,95618","Food Trucks,Tacos",Davis,No,,,,,Yesiah Latin Food,(530) 220-7044,Under $10,4.5,3,,,,Yes,,,,No
"255 Second St,Davis,CA,95616","American (Traditional),Breakfast & Brunch,Diners",Davis,No,6:00 am - 10:00 pm,,,6:00 am - 10:00 pm,Black Bear Diner,(530) 756-4190,$11-30,3.5,515,6:00 am - 10:00 pm,,6:00 am - 10:00 pm,Yes,6:00 am - 10:00 pm,6:00 am - 10:00 pm,6:00 am - 10:00 pm,Free
"1260 Lake Blvd,Ste 103,Davis,CA,95616",Mexican,Davis,No,10:00 am - 9:00 pm,,,10:00 am - 8:30 pm,Chuy's Taqueria,(530) 756-4183,Under $10,3.5,104,10:00 am - 9:00 pm,,Closed,Yes,10:00 am - 9:00 pm,10:00 am - 8:30 pm,10:00 am - 8:30 pm,No
"1 Shields Ave,Davis,CA,95616",,Davis,,10:00 am - 3:00 pm,,,10:00 am - 4:00 pm,Mandalay Express,,,4.0,1,Closed,,Closed,,10:00 am - 4:00 pm,10:00 am - 4:00 pm,10:00 am - 4:00 pm,
"Davis,CA,95616",,Davis,,Closed,,,Closed,Bare Juices,(916) 715-7373,,3.5,9,8:00 am - 1:00 pm,,Closed,,Closed,Closed,4:30 pm - 8:30 pm,
"227 E St,Ste 1,Davis,CA,95616","Mexican,Fast Food",Davis,No,10:45 am - 10:00 pm,,,10:45 am - 10:00 pm,Chipotle Mexican Grill,(530) 758-3599,Under $10,3.0,221,10:45 am - 10:00 pm,,10:45 am - 10:00 pm,Yes,10:45 am - 10:00 pm,10:45 am - 10:00 pm,10:45 am - 10:00 pm,No
"1750 E 8th St,Davis,CA,95616",Chinese,Davis,Yes,11:00 am - 9:00 pm,,,11:00 am - 9:00 pm,Golden Sun,(530) 759-9392,Under $10,3.0,83,11:00 am - 9:00 pm,,11:00 am - 9:00 pm,Yes,11:00 am - 9:00 pm,11:00 am - 9:00 pm,Closed,No
"239 G St,Davis,CA,95616","Cafes,Coffee & Tea",Davis,No,6:00 am - 11:00 pm,,,6:00 am - 11:00 pm,Temple Coffee Roasters,(530) 341-0574,Under $10,4.0,437,6:00 am - 11:00 pm,,6:00 am - 11:00 pm,Yes,6:00 am - 11:00 pm,6:00 am - 11:00 pm,6:00 am - 11:00 pm,Free
"223 3rd St,Davis,CA,95616","American (New),Hot Dogs,Delis",Davis,No,11:00 am - 11:00 pm,,,11:00 am - 9:00 pm,3rd and U Cafe,(530) 758-9800,$11-30,3.5,196,11:30 am - 9:00 pm,,11:30 am - 5:00 pm,Yes,11:00 am - 11:00 pm,11:00 am - 9:00 pm,11:00 am - 9:00 pm,Free
"1321 W Covell Blvd,Davis,CA,95616","American (Traditional),Salad,Sandwiches",Davis,No,11:30 am - 9:00 pm,,,11:30 am - 8:00 pm,Jack's Urban Eats,(530) 753-3431,$11-30,3.0,243,11:30 am - 9:00 pm,,11:30 am - 8:00 pm,Yes,11:30 am - 9:00 pm,11:30 am - 9:00 pm,11:30 am - 9:00 pm,No
"115 E Dorset Dr,Ste B,Dixon,CA,95620","Mediterranean,Delis,Greek",Davis,Yes,10:30 am - 7:30 pm,91 out of 100,,10:30 am - 7:30 pm,S & S Deli,(707) 693-3399,Under $10,5.0,170,11:00 am - 4:30 pm,,Closed,Yes,10:30 am - 7:30 pm,10:30 am - 7:30 pm,10:30 am - 7:30 pm,Free
"200 E St,Davis,CA,95616",,Davis,,,,,,El Patio,(530) 661-9000,,3.5,38,,,,Yes,,,,
"Davis,CA","Desserts,Specialty Food,Food Stands",Davis,No,,,,,FatFace,,Under $10,4.5,17,,,,Yes,,,,No
"1020 Olive Dr,Davis,CA,95616","Fast Food,Burgers",Davis,No,10:30 am - 1:30 am,,,10:30 am - 1:00 am,In-N-Out Burger,(800) 786-1000,Under $10,4.0,397,10:30 am - 1:30 am,,10:30 am - 1:00 am,Yes,10:30 am - 1:00 am,10:30 am - 1:00 am,10:30 am - 1:00 am,No
"403 G St,Davis,CA,95616","Pizza,Persian/Iranian,Burgers",Davis,No,11:00 am - 10:00 pm,,,11:00 am - 9:00 pm,Village Pizza & Grill,(530) 750-0100,$11-30,3.5,310,11:00 am - 10:00 pm,,11:00 am - 9:00 pm,Yes,11:00 am - 10:00 pm,11:00 am - 10:00 pm,11:00 am - 10:00 pm,Free
"222 D St,Ste 10,Davis,CA,95616","Coffee & Tea,Breakfast & Brunch,Sandwiches",Davis,,8:00 am - 5:00 pm,,,8:00 am - 5:00 pm,Cloud Forest Cafe,(530) 753-2164,Under $10,4.0,232,8:00 am - 5:00 pm,,8:30 am - 5:00 pm,Yes,8:00 am - 5:00 pm,8:00 am - 5:00 pm,8:00 am - 5:00 pm,Free
"616 3rd St,Davis,CA,95616","Delis,Sandwiches",Davis,No,10:00 am - 6:00 pm,,,10:00 am - 6:00 pm,Zia's Delicatessen,(530) 750-7870,Under $10,4.0,337,10:00 am - 5:00 pm,,12:00 pm - 4:00 pm,Yes,10:00 am - 6:00 pm,10:00 am - 6:00 pm,10:00 am - 6:00 pm,No
"4823 Chiles Rd,Davis,CA,95618","Thai,American (Traditional),Breakfast & Brunch",Davis,Yes,"6:00 am - 3:00 pm,5:00 pm - 9:30 pm",,,"6:00 am - 3:00 pm,5:00 pm - 9:30 pm",Cindy's Restaurant,(530) 756-9894,Under $10,4.0,260,"6:00 am - 2:00 pm,5:00 pm - 9:30 pm",,"6:00 am - 2:00 pm,5:00 pm - 9:30 pm",Yes,"6:00 am - 3:00 pm,5:00 pm - 9:30 pm","6:00 am - 3:00 pm,5:00 pm - 9:30 pm","6:00 am - 3:00 pm,5:00 pm - 9:30 pm",Free
"825 Russell Blvd,Davis,CA,95616","Food Trucks,Halal,Mediterranean",Davis,Yes,10:00 am - 8:00 pm,,,10:00 am - 8:00 pm,Shah's Halal Food - University Mall,(916) 417-1917,Under $10,4.0,285,10:00 am - 8:00 pm,,10:00 am - 8:00 pm,Yes,10:00 am - 8:00 pm,10:00 am - 8:00 pm,10:00 am - 8:00 pm,No
"978 Olive Dr,Davis,CA,95616",,Davis,,,,,,Jeff Burger,,,5.0,1,,,,,,,,
"825 Russell Blvd,Ste 20A,Davis,CA,95616","Hawaiian,Barbeque",Davis,No,11:00 am - 12:00 am,,,11:00 am - 12:00 am,Ohana Hawaiian BBQ,(530) 750-1888,Under $10,3.0,313,11:00 am - 12:00 am,,11:00 am - 12:00 am,Yes,11:00 am - 12:00 am,11:00 am - 12:00 am,11:00 am - 12:00 am,No
"2880 5th St,Ste 125,Davis,CA,95618","Chinese,Barbeque,Hot Pot",Davis,Yes,12:00 pm - 1:00 am,,,12:00 pm - 12:00 am,China Bistro,(530) 488-3090,$11-30,3.0,62,12:00 pm - 1:00 am,,12:00 pm - 1:00 am,Yes,12:00 pm - 1:00 am,12:00 pm - 12:00 am,12:00 pm - 12:00 am,Free
"620 G St,Davis,CA,95616","Grocery,Delis",Davis,No,7:00 am - 10:00 pm,,,7:00 am - 10:00 pm,Davis Food Co-op,(530) 758-2667,$11-30,4.0,237,7:00 am - 10:00 pm,,7:00 am - 10:00 pm,Yes,7:00 am - 10:00 pm,7:00 am - 10:00 pm,7:00 am - 10:00 pm,Free
"228 G St,Davis,CA,95616","Japanese,Sushi Bars,Buffets",Davis,No,"11:15 am - 2:30 pm,5:00 pm - 9:15 pm",,,"11:15 am - 2:30 pm,5:00 pm - 9:15 pm",Jusco Japanese Restaurant,(530) 750-2869,$11-30,3.5,296,"11:15 am - 2:30 pm,5:00 pm - 9:15 pm",,"11:15 am - 2:30 pm,5:00 pm - 9:15 pm",Yes,"11:15 am - 2:30 pm,5:00 pm - 9:15 pm","11:15 am - 2:30 pm,5:00 pm - 9:15 pm","11:15 am - 2:30 pm,5:00 pm - 9:15 pm",No
"228 G St,Davis,CA,95616",Barbeque,Davis,,11:00 am - 10:00 pm,,,11:00 am - 9:00 pm,Smokin'Ewe BBQ,(916) 712-7540,$11-30,3.5,15,11:00 am - 10:00 pm,,11:00 am - 8:00 pm,Yes,11:00 am - 9:00 pm,11:00 am - 9:00 pm,11:00 am - 9:00 pm,
"212 F St,Davis,CA,95616","Pizza,Salad,Fast Food",Davis,No,11:00 am - 11:00 pm,,,11:00 am - 10:00 pm,Blaze Fast-Fire'd Pizza,(530) 200-8878,Under $10,4.0,456,11:00 am - 11:00 pm,,11:00 am - 10:00 pm,Yes,11:00 am - 10:00 pm,11:00 am - 10:00 pm,11:00 am - 10:00 pm,No
"226 3rd St,Davis,CA,95616","Vietnamese,Chinese",Davis,Yes,10:00 am - 10:00 pm,,"Vegan friendly,Sports on TV,Locally owned & operated,Family-owned & operated,Free WiFi,Grab-and-go",10:00 am - 10:00 pm,Pho King 4,(530) 589-8888,Under $10,3.0,656,10:00 am - 10:00 pm,,11:00 am - 9:00 pm,Yes,10:00 am - 10:00 pm,10:00 am - 10:00 pm,10:00 am - 10:00 pm,Free
"715 2nd St,Davis,CA,95616",Indian,Davis,No,"11:00 am - 3:00 pm,5:00 pm - 10:00 pm",,,"11:00 am - 3:00 pm,5:00 pm - 10:00 pm",Preethi Indian Cuisine,(530) 759-2040,$11-30,3.5,301,"11:00 am - 3:00 pm,5:00 pm - 10:00 pm",,"11:00 am - 3:00 pm,5:00 pm - 10:00 pm",Yes,"11:00 am - 3:00 pm,5:00 pm - 10:00 pm","11:00 am - 3:00 pm,5:00 pm - 10:00 pm","11:00 am - 3:00 pm,5:00 pm - 10:00 pm",Free
"726 2nd St,Davis,CA,95616","Bars,American (Traditional)",Davis,No,11:00 am - 2:00 am,,,11:00 am - 10:00 pm,Froggy's Bar & Grill,(530) 758-7550,$11-30,4.0,243,9:00 am - 2:00 am,No,9:00 am - 10:00 pm,Yes,11:00 am - 2:00 am,11:00 am - 10:00 pm,11:00 am - 10:00 pm,No
"1620 E 8th St,Davis,CA,95616","Pizza,Greek",Davis,No,"11:30 am - 2:00 pm,5:00 pm - 10:00 pm",,,"11:30 am - 2:00 pm,5:00 pm - 9:30 pm",Symposium Restaurant & Pizza House,(530) 756-3850,$11-30,3.5,162,5:00 am - 9:30 am,,4:30 pm - 8:00 pm,Yes,"11:30 am - 2:00 pm,5:00 pm - 9:30 pm","11:30 am - 2:00 pm,5:00 pm - 9:30 pm","11:30 am - 2:00 pm,5:00 pm - 9:30 pm",No
"805 2nd St,Davis,CA,95616","Mexican,Tex-Mex",Davis,No,11:00 am - 10:00 pm,,,11:00 am - 9:00 pm,Tres Hermanas,(530) 756-8737,$11-30,3.0,313,10:00 am - 10:00 pm,,10:00 am - 8:00 pm,Yes,11:00 am - 9:00 pm,11:00 am - 9:00 pm,11:00 am - 9:00 pm,Free
"132 E St,Davis,CA,95616","Noodles,Hot Pot,Chinese",Davis,No,11:30 am - 10:00 pm,,,11:30 am - 9:00 pm,Uniboil,(530) 758-6188,$11-30,3.0,99,11:30 am - 9:00 pm,,11:30 am - 9:00 pm,Yes,11:30 am - 9:00 pm,11:30 am - 9:00 pm,11:30 am - 9:00 pm,Free
"620 G St,Davis,CA,95616","Sushi Bars,Seafood",Davis,No,9:00 am - 6:00 pm,,,9:00 am - 6:00 pm,Mermaid Sushi,(530) 758-2667,Under $10,4.0,26,9:00 am - 6:00 pm,,9:00 am - 6:00 pm,Yes,9:00 am - 6:00 pm,9:00 am - 6:00 pm,9:00 am - 6:00 pm,Free
"2151 Cowell Blvd,Ste C,Davis,CA,95618","Hong Kong Style Cafe,Cantonese,Barbeque",Davis,No,11:00 am - 11:00 pm,,,11:00 am - 11:00 pm,Hong Kong Cafe,(408) 819-9453,Under $10,3.0,114,11:00 am - 11:00 pm,,11:00 am - 11:00 pm,Yes,11:00 am - 11:00 pm,11:00 am - 11:00 pm,11:00 am - 11:00 pm,Free
"417 Mace Blvd,Davis,CA,95616",Mexican,Davis,No,8:00 am - 9:00 pm,,,8:00 am - 9:00 pm,Taqueria Guadalajara Grill,(530) 753-6100,Under $10,4.0,328,8:00 am - 9:00 pm,,8:00 am - 9:00 pm,Yes,8:00 am - 9:00 pm,8:00 am - 9:00 pm,8:00 am - 9:00 pm,No
"630 G St,Davis,CA,95616",,Davis,,"11:00 am - 3:00 pm,5:00 pm - 10:00 pm",,,"11:00 am - 3:00 pm,5:00 pm - 9:00 pm",Kotchen,(530) 746-5946,,3.5,24,"11:30 am - 4:00 pm,5:00 pm - 10:00 pm",,"11:30 am - 4:00 pm,5:00 pm - 9:00 pm",Yes,"11:00 am - 3:00 pm,5:00 pm - 9:00 pm","11:00 am - 3:00 pm,5:00 pm - 9:00 pm","11:00 am - 3:00 pm,5:00 pm - 9:00 pm",No
"301 G St,Davis,CA,95616",Thai,Davis,No,"11:30 am - 3:00 pm,5:00 pm - 9:00 pm",,,"11:30 am - 3:00 pm,5:00 pm - 9:00 pm",Taste of Thai,(530) 297-5588,$11-30,3.5,275,12:00 pm - 9:00 pm,,12:00 pm - 9:00 pm,Yes,"11:30 am - 3:00 pm,5:00 pm - 9:00 pm","11:30 am - 3:00 pm,5:00 pm - 9:00 pm","11:30 am - 3:00 pm,5:00 pm - 9:00 pm",No
"220 3rd St,Davis,CA,95616",Middle Eastern,Davis,No,8:00 am - 9:30 pm,,,8:00 am - 9:30 pm,Ali Baba,(530) 758-2251,Under $10,3.5,311,8:00 am - 9:00 pm,,8:00 am - 9:00 pm,Yes,8:00 am - 9:30 pm,8:00 am - 9:30 pm,8:00 am - 9:30 pm,Free
"207 D St,Davis,CA,95616","Chinese,Seafood,Bars",Davis,Yes,11:00 am - 10:00 pm,,,11:00 am - 9:00 pm,Hunan Bar & Restaurant,(530) 753-5174,$11-30,3.5,297,11:00 am - 10:00 pm,Outdoor Area / Patio Only,12:00 pm - 9:00 pm,Yes,11:00 am - 9:00 pm,11:00 am - 9:00 pm,11:00 am - 9:00 pm,No
"175 Bioletti Way,Davis,CA,95616",,Davis,,"10:00 am - 3:00 pm,5:00 pm - 8:00 pm",,,"10:00 am - 3:00 pm,5:00 pm - 8:00 pm",Latitude,(530) 754-1453,,5.0,1,Closed,,Closed,,"10:00 am - 3:00 pm,5:00 pm - 8:00 pm","10:00 am - 3:00 pm,5:00 pm - 8:00 pm","10:00 am - 3:00 pm,5:00 pm - 8:00 pm",
"737 Russell Blvd,Davis,CA,95616",Chinese,Davis,Yes,11:00 am - 10:00 pm,,,11:00 am - 10:00 pm,Chengdu Style,(530) 746-2272,$11-30,3.5,187,11:00 am - 10:00 pm,,11:00 am - 10:00 pm,Yes,11:00 am - 10:00 pm,11:00 am - 10:00 pm,11:00 am - 10:00 pm,No
"223 G St,Davis,CA,95616","Bars,Noodles",Davis,Yes,12:00 pm - 2:30 am,,,5:00 pm - 12:00 am,Red 88 Noodle Bar,(530) 758-7338,$11-30,3.0,416,12:00 pm - 2:30 am,,12:00 pm - 12:00 am,Yes,5:00 pm - 2:30 am,5:00 pm - 12:00 am,5:00 pm - 12:00 am,Free
"129 E St D1,Davis,CA,95616","Taiwanese,Chinese,Noodles",Davis,No,11:00 am - 9:30 pm,,,11:00 am - 9:30 pm,Davis Noodle City,(530) 757-2618,Under $10,3.5,486,11:00 am - 9:30 pm,,11:00 am - 8:30 pm,Yes,11:00 am - 9:30 pm,Closed,11:00 am - 9:30 pm,Free
"622 3rd St,Davis,CA,95616",Korean,Davis,No,"11:30 am - 3:00 pm,5:00 pm - 10:00 pm",,,"11:30 am - 3:00 pm,5:00 pm - 10:00 pm",Manna Korean Restaurant,(530) 759-8888,$11-30,3.0,257,11:30 am - 10:00 pm,,11:30 am - 10:00 pm,Yes,"11:30 am - 3:00 pm,5:00 pm - 10:00 pm","11:30 am - 3:00 pm,5:00 pm - 10:00 pm","11:30 am - 3:00 pm,5:00 pm - 10:00 pm",No
"500 1st St,Ste 7,Davis,CA,95616","Halal,Middle Eastern,Mediterranean",Davis,No,11:00 am - 11:00 pm,,,11:00 am - 11:00 pm,The Halal Guys,(530) 746-2283,$11-30,3.5,198,11:00 am - 11:00 pm,,11:00 am - 11:00 pm,Yes,11:00 am - 11:00 pm,11:00 am - 11:00 pm,11:00 am - 11:00 pm,Free
"207 3rd St,Ste 230,Davis,CA,95616","Indian,Buffets",Davis,Yes,11:00 am - 8:30 pm,,,11:00 am - 8:30 pm,Raja's Tandoor,(530) 753-9664,Under $10,4.0,613,11:00 am - 8:30 pm,,11:00 am - 8:30 pm,Yes,11:00 am - 8:30 pm,11:00 am - 8:30 pm,11:00 am - 8:30 pm,No
"640 W Covell Blvd,Davis,CA,95616",Chicken Wings,Davis,No,11:00 am - 12:00 am,,,11:00 am - 12:00 am,Fire Wings,(530) 220-1310,$11-30,3.5,178,11:00 am - 12:00 am,,11:00 am - 11:00 pm,Yes,11:00 am - 12:00 am,11:00 am - 12:00 am,11:00 am - 12:00 am,Free
"407 G St,Ste 4,Davis,CA,95616",,Davis,Yes,3:00 pm - 11:00 pm,,,3:00 pm - 11:00 pm,Chay Corner,(530) 746-2088,,4.0,48,12:00 pm - 11:00 pm,,12:00 pm - 11:00 pm,Yes,3:00 pm - 11:00 pm,3:00 pm - 11:00 pm,3:00 pm - 11:00 pm,Free
"726 2nd St,Davis,CA,95616","American (Traditional),Salad,Bars",Davis,No,11:00 am - 2:00 am,,,11:00 am - 10:00 pm,Tommy J's Grill & Catering,(530) 758-7550,$11-30,4.0,390,9:00 am - 2:00 am,No,9:00 am - 10:00 pm,Yes,11:00 am - 2:00 am,11:00 am - 10:00 pm,11:00 am - 10:00 pm,No
"624 4th St,Davis,CA,95616","Gluten-Free,Grocery,Organic Stores",Davis,Yes,12:00 pm - 7:30 pm,,,12:00 pm - 7:30 pm,Farmer's Kitchen,(530) 756-1862,$11-30,4.0,82,12:00 pm - 7:30 pm,,Closed,Yes,12:00 pm - 7:30 pm,12:00 pm - 7:30 pm,12:00 pm - 7:30 pm,Free
"628 4th St,Davis,CA,95616","International Grocery,Japanese,Beer, Wine & Spirits",Davis,,8:30 am - 7:00 pm,,,8:30 am - 7:00 pm,Kim's Mart Asian Food,(530) 753-5916,$11-30,4.0,205,8:30 am - 7:00 pm,,9:30 am - 6:00 pm,Yes,8:30 am - 7:00 pm,8:30 am - 7:00 pm,8:30 am - 7:00 pm,
"330 G St,Davis,CA,95616",,Davis,No,11:30 am - 9:00 pm,,,11:30 am - 9:00 pm,Hometown Taiwanese Kitchen & Bar,(530) 792-1200,,3.5,58,11:30 am - 9:00 pm,,Closed,Yes,11:30 am - 9:00 pm,11:30 am - 9:00 pm,11:30 am - 9:00 pm,Free
"5100 Chiles Rd,Ste 105,Davis,CA,95618",,Davis,,1:00 pm - 8:00 pm,,,Closed,Stand Up Kabob,(530) 746-2230,,5.0,8,1:00 pm - 8:00 pm,,Closed,,Closed,Closed,Closed,
"424 G St,Davis,CA,95616","Thai,Salad,Soup",Davis,No,"11:30 am - 2:30 pm,5:00 pm - 9:30 pm",,,Closed,Thai Nakorn,(530) 758-7775,$11-30,4.0,478,"12:00 pm - 3:00 pm,5:00 pm - 9:30 pm",,"12:00 pm - 3:00 pm,5:00 pm - 9:00 pm",Yes,5:00 pm - 9:00 pm,5:00 pm - 9:00 pm,5:00 pm - 9:00 pm,No
"109 E St,Davis,CA,95616","Ramen,Tapas/Small Plates,Izakaya",Davis,No,5:00 pm - 12:00 am,,,5:00 pm - 10:00 pm,Yakitori Yuchan,(530) 753-3196,$11-30,3.5,441,5:00 pm - 12:00 am,,5:00 pm - 10:00 pm,Yes,5:00 pm - 12:00 am,5:00 pm - 10:00 pm,5:00 pm - 10:00 pm,No
"139 G St,Davis,CA,95616","Italian,Pizza",Davis,No,11:30 am - 10:00 pm,,,11:30 am - 9:00 pm,Paesanos,(530) 758-8646,$11-30,3.5,553,11:30 am - 10:00 pm,,11:30 am - 9:00 pm,Yes,11:30 am - 9:00 pm,11:30 am - 9:00 pm,11:30 am - 9:00 pm,No
"1260 Lake Blvd,Ste 267,Davis,CA,95616","Ramen,Bubble Tea,Seafood",Davis,No,11:30 am - 10:00 pm,,,11:30 am - 10:00 pm,T-Kumi Ramen & Rice Bowl,(530) 746-5971,$11-30,4.0,224,11:30 am - 10:00 pm,,11:30 am - 10:00 pm,Yes,11:30 am - 10:00 pm,11:30 am - 10:00 pm,11:30 am - 10:00 pm,Free
"500 1st St,Ste 19,Davis,CA,95616","Japanese,Sushi Bars,Seafood",Davis,No,11:30 am - 10:00 pm,,,11:30 am - 9:30 pm,Mikuni Japanese Restaurant and Sushi Bar,(530) 756-2111,$11-30,4.0,808,11:30 am - 10:00 pm,,11:30 am - 9:00 pm,Yes,11:30 am - 9:30 pm,11:30 am - 9:30 pm,11:30 am - 9:30 pm,No
"403 3rd St,Davis,CA,95616","Burgers,Bars",Davis,No,11:00 am - 3:00 am,,,11:00 am - 12:00 am,Burgers and Brew,(530) 750-3600,$11-30,4.0,1940,11:00 am - 3:00 am,No,11:00 am - 12:00 am,Yes,11:00 am - 3:00 am,11:00 am - 12:00 am,11:00 am - 12:00 am,No
"1601 Research Park Dr,Davis,CA,95618",Chinese,Davis,No,10:30 am - 10:00 pm,,,10:30 am - 10:00 pm,Four Seasons Gourmet Chinese Restaurant,(530) 758-0058,Under $10,4.5,657,10:30 am - 10:00 pm,,10:30 am - 10:00 pm,Yes,10:30 am - 10:00 pm,10:30 am - 10:00 pm,10:30 am - 10:00 pm,No
"2657 Portage Bay E,Ste 8,Davis,CA,95616",Italian,Davis,No,"11:30 am - 1:30 pm,5:30 pm - 9:00 pm",,,"11:30 am - 1:30 pm,5:30 pm - 9:00 pm",Osteria Fasulo,(530) 758-1324,$31-60,4.0,242,5:30 pm - 9:00 pm,,Closed,Yes,"11:30 am - 1:30 pm,5:30 pm - 9:00 pm","11:30 am - 1:30 pm,5:30 pm - 9:00 pm","11:30 am - 1:30 pm,5:30 pm - 9:00 pm",No
"113 D St,Davis,CA,95616","Cocktail Bars,Steakhouses",Davis,No,4:30 pm - 9:00 pm,,,Closed,D Street Steakhouse,(530) 231-5346,$11-30,4.0,213,4:30 pm - 9:00 pm,No,4:30 pm - 9:00 pm,No,4:30 pm - 9:00 pm,4:30 pm - 9:00 pm,4:30 pm - 9:00 pm,Free
"301 B St,Davis,CA,95616",Mediterranean,Davis,No,11:30 am - 7:30 pm,,,11:30 am - 7:30 pm,Sam's Mediterranean Cuisine,(530) 758-2855,Under $10,4.5,1108,12:00 pm - 7:30 pm,,Closed,Yes,11:30 am - 7:30 pm,11:30 am - 7:30 pm,11:30 am - 7:30 pm,No
"217 E St,Davis,CA,95616","Irish Pub,Whiskey Bars,Gastropubs",Davis,No,11:30 am - 2:00 am,,,11:30 am - 10:00 pm,De Vere's Irish Pub,(530) 204-5533,$11-30,4.0,703,10:00 am - 2:00 am,No,10:00 am - 10:00 pm,Yes,11:30 am - 2:00 am,11:30 am - 12:00 am,11:30 am - 2:00 am,Free
