Address,Category,Name,Phone,Price,Rating,Reviews
"700 Polk St,San Francisco,CA,94109",,Son & Garden,(415) 913-7404,,4.5,37
"974 Valencia St,San Francisco,CA,94110","Mexican,Tapas/Small Plates",Loló,(415) 643-5656,$11-30,4.0,2192
"560 Divisadero St,San Francisco,CA,94117","American (New),Desserts,Cocktail Bars",Nopa,(415) 864-8643,$31-60,4.0,5059
"800 N Point St,San Francisco,CA,94109","American (New),French,Wine Bars",Gary Danko,(415) 749-2060,Above $61,4.5,5516
"Pier 39,Ste 103,San Francisco,CA,94133","Seafood,Bars,Sandwiches",Pier Market Seafood Restaurant,(415) 989-7437,$11-30,4.0,2107
"1906 Van Ness Ave,San Francisco,CA,94109","American (Traditional),Steakhouses,Wine Bars",House Of Prime Rib,(415) 885-4605,$31-60,4.0,7172
"Pier 39,Ste A-202,San Francisco,CA,94133","Seafood,Bars",Fog Harbor Fish House,(415) 421-2442,$11-30,4.0,6041
"353 Columbus Ave,San Francisco,CA,94133",Italian,Mona Lisa Restaurant,(415) 989-4917,$11-30,4.0,1692
"75 Yerba Buena Ln,San Francisco,CA,94103","Cocktail Bars,Tacos",Tropisueno,(415) 243-0299,$11-30,4.0,4452
"1031 Irving St,San Francisco,CA,94122","Chinese,Chicken Wings,Noodles",San Tung,(415) 242-0828,$11-30,4.0,6840
"335 Noe St,San Francisco,CA,94114","Dim Sum,Asian Fusion",Dumpling House,(415) 829-2789,$11-30,4.0,153
"2175 Chestnut St,San Francisco,CA,94123","Italian,Cocktail Bars,Pizza",Delarosa,(415) 673-7100,$11-30,4.0,1523
"2000 Union St,San Francisco,CA,94123","Vegetarian,Vegan,Cocktail Bars",Wildseed,(415) 872-7350,$11-30,4.5,285
"200 Jackson St,San Francisco,CA,94111","Greek,Mediterranean",Kokkari Estiatorio,(415) 981-0983,$31-60,4.5,4515
"518 Haight St,San Francisco,CA,94117","Japanese,Sushi Bars",Nara Restaurant & Sake Bar,(415) 638-6124,$11-30,4.5,1054
"108B Carl St,San Francisco,CA,94117","Italian,Wine Bars",InoVino,(415) 681-3770,$11-30,4.5,154
"1320 Castro St,San Francisco,CA,94114",Malaysian,Mahila,(628) 867-3570,$11-30,4.0,132
"641 Vallejo St,San Francisco,CA,94133","Italian,Pizza,Whiskey Bars",Capo's by Tony Gemignani,(415) 986-8998,$11-30,4.5,811
"3848 Geary Blvd,San Francisco,CA,94118","Italian,Vermouth Bars,Gastropubs",Osteria Bella,(415) 221-0305,$11-30,4.5,117
"2652 Judah St,San Francisco,CA,94122","Hot Pot,Buffets,Sports Bars",The Pot's,(415) 682-7889,$11-30,4.0,697
"558 Sacramento St,San Francisco,CA,94111",American (Traditional),Wayfare Tavern,(415) 772-9060,$31-60,4.0,3899
"1785 Fulton St,San Francisco,CA,94117","Breweries,American (Traditional),Venues & Event Spaces",Barrel Head Brewhouse,(415) 416-6989,$11-30,4.0,548
"4348 California St,San Francisco,CA,94118",Burmese,Mandalay,(415) 386-3896,$11-30,4.0,2144
"3230 Mission St,San Francisco,CA,94110",Italian,Emmy's Spaghetti Shack,(415) 206-2086,$11-30,4.0,549
"The Embarcadero,Pier 5,San Francisco,CA,94105","Spanish,Tapas/Small Plates",Coqueta,(415) 704-8866,$31-60,4.0,2084
"1009 Guerrero St,San Francisco,CA,94110",,Fenikkusu,(415) 923-8600,,4.5,22
"1725 Alameda St,San Francisco,CA,94103","Seafood,Japanese,Asian Fusion",Skool,(415) 255-8800,$11-30,4.0,1761
"941 Cole St,San Francisco,CA,94117","Breakfast & Brunch,French",Zazie,(415) 564-5332,$11-30,4.0,4378
"993 Mission St,San Francisco,CA,94103","Speakeasies,Wine Bars,Tapas Bars",The Pawn Shop,(415) 874-8041,$11-30,4.5,238
"500 Brannan St,San Francisco,CA,94107","American (New),Brasseries",Marlowe,(415) 777-1413,$11-30,4.0,2718
"1560 Fillmore St,San Francisco,CA,94115","Tapas/Small Plates,Lounges,Izakaya",Izakaya KOU,(415) 441-9294,$11-30,4.0,806
"2332 Clement St,San Francisco,CA,94121","Seafood,Vietnamese,Asian Fusion",PPQ Dungeness Island,(415) 386-8266,$11-30,4.0,3053
"564 S Van Ness Ave,San Francisco,CA,94110",,Pinche Sushi,,,5.0,14
"5801 Geary Blvd,San Francisco,CA,94121","Taiwanese,Asian Fusion",Hodala,(415) 702-9510,$11-30,4.0,481
"311 Divisadero St,San Francisco,CA,94117","Italian,Pizza",Ragazza,(415) 255-1133,$11-30,4.0,664
"672 Geary St,San Francisco,CA,94102","Ramen,Noodles",Mensho Tokyo,(415) 800-8345,$11-30,4.0,2211
"2491 Mission St,San Francisco,CA,94110","Gastropubs,Venues & Event Spaces",Myriad Gastropub,(415) 525-4335,$11-30,4.5,615
"1052 Folsom St,San Francisco,CA,94103","Fondue,American (New)",Fondue Cowboy,(415) 431-5100,$11-30,4.0,628
"1120-30 4th St,San Francisco,CA,94158",Ethiopian,Tadu Ethiopian Kitchen,(415) 655-9344,$11-30,4.5,249
"3120 16th St,San Francisco,CA,94103","Spanish,Basque,Tapas Bars",Picaro,(415) 431-4089,$11-30,4.0,1580
"2346 Chestnut St,San Francisco,CA,94123","American (New),Burgers,Breakfast & Brunch",Causwells,(415) 447-6081,$11-30,4.0,751
"1 Ferry Bldg,Shop 11,San Francisco,CA,94111","Seafood,Seafood Markets,Live/Raw Food",Hog Island Oyster Co,(415) 391-7117,$11-30,4.5,5978
"737 Diamond St,San Francisco,CA,94114",Italian,Bacco,(415) 282-4969,$11-30,4.0,454
"901 Cole St,San Francisco,CA,94117","Mexican,Breakfast & Brunch,Cocktail Bars",Padrecito,(415) 742-5505,$11-30,4.0,928
"1914 Fillmore St,San Francisco,CA,94115","Seafood,American (New)",Woodhouse Fish Company,(415) 437-2722,$11-30,4.0,2235
"2325 Taraval St,San Francisco,CA,94116",,The Mango Tree,(415) 564-4464,,4.5,11
"834 Divisadero St,San Francisco,CA,94117",Italian,Che Fico Alimentari,(415) 416-6980,$31-60,4.0,52
"4109 24th St,San Francisco,CA,94114",Italian,Lupa Trattoria,(415) 282-5872,$11-30,4.0,633
"1500 S Van Ness Ave,Ste 100,San Francisco,CA,94110",Tacos,Tacos El Patrón,(415) 829-7315,$11-30,4.5,203
"1224 9th Ave,San Francisco,CA,94122","Mexican,Comfort Food,Gluten-Free",Nopalito,(415) 233-9966,$11-30,4.0,1325
"531 Divisadero St,San Francisco,CA,94117","Mediterranean,Greek",Souvla,(415) 400-5458,$11-30,4.0,450
"3119 Clement St,San Francisco,CA,94121",Moroccan,El Mansour,(415) 751-2312,$11-30,4.0,620
"511 Irving St,San Francisco,CA,94122","Persian/Iranian,Wine Bars",Lavash,(415) 664-5555,$11-30,4.0,1338
"83 Eddy St,San Francisco,CA,94102",Indian,Little Delhi,(415) 398-3173,$11-30,4.0,1966
"2015 Chestnut St,San Francisco,CA,94123","Italian,French",Castagna,(415) 440-4290,$11-30,4.5,406
"1 Tillman Pl,San Francisco,CA,94108","Southern,American (Traditional),Bars",Hops & Hominy,(415) 373-6341,$11-30,4.0,2116
"3228 16th St,San Francisco,CA,94103","Pizza,Italian",Mozzeria,(415) 489-0963,$11-30,4.5,796
"3854 Geary Blvd,San Francisco,CA,94118",Italian,Bella Trattoria,(415) 221-0305,$11-30,4.0,1405
"1243 9th Ave,San Francisco,CA,94122",Thai,Marnee Thai,(415) 731-9999,$11-30,4.0,1649
"64 14th St,San Francisco,CA,94103","Pizza,Italian,Gastropubs",Pink Onion,(415) 529-2635,$11-30,4.5,376
"312 Divisadero St,San Francisco,CA,94117","Thai,Ramen",Mangrove Kitchen,(415) 552-6881,$11-30,4.0,234
"1500 Irving St,San Francisco,CA,94122","Ramen,Izakaya,Noodles",Izakaya Sozai,(415) 742-5122,$11-30,4.0,2075
"349 Clement St,San Francisco,CA,94118","Greek,Turkish,Mediterranean",Kitchen Istanbul,(415) 753-9479,$31-60,4.5,475
"730 Larkin St,San Francisco,CA,94109","Thai,Wine Bars",Lers Ros,(415) 931-6917,$11-30,4.0,2203
"One Yerba Buena Ln,San Francisco,CA,94103","Brasseries,Steakhouses,Wine Bars",Bluestem Brasserie,(415) 547-1111,$31-60,4.0,1711
"490 Pacific Ave,San Francisco,CA,94133",Italian,Cotogna,(415) 775-8508,$31-60,4.0,1444
"127 Clement St,San Francisco,CA,94118","Burmese,Asian Fusion,Breakfast & Brunch",B Star Bar,(415) 933-9900,$11-30,4.0,1877
"2495 3rd St,San Francisco,CA,94107","American (New),Breakfast & Brunch,Cocktail Bars",Serpentine,(415) 252-2000,$11-30,4.0,1522
"601 Union St,San Francisco,CA,94133","Italian,Steakhouses,Breakfast & Brunch",Original Joe's,(415) 775-4877,$11-30,4.0,1458
"86 Carl St,San Francisco,CA,94117","Arabian,Mediterranean,Lebanese",Beit Rima,(415) 566-1274,$11-30,4.0,31
"2150 Chestnut St,San Francisco,CA,94123","Thai,Breakfast & Brunch,Asian Fusion",Blackwood,(415) 931-9663,$11-30,4.0,1619
"582 Sutter St,San Francisco,CA,94102","Gastropubs,Beer Bar",Hogwash,(415) 361-5500,$11-30,4.5,1056
"3141 16th St,San Francisco,CA,94103","Bars,Gastropubs",The Monk's Kettle,(415) 865-9523,$11-30,4.0,2185
"42 Columbus Ave,San Francisco,CA,94111","Basque,Spanish,Tapas Bars",Bask,(415) 392-2275,$11-30,4.0,636
"430 Mason St,San Francisco,CA,94102","American (New),Cocktail Bars,Bowling",Fifth Arrow,(415) 872-5744,$11-30,4.5,86
"524 Valencia St,San Francisco,CA,94110","Peruvian,Tapas/Small Plates",Limón Rotisserie,(415) 252-0918,$11-30,3.5,2529
"312 8th Ave,San Francisco,CA,94118","Tapas Bars,Izakaya",Halu,(415) 221-9165,$11-30,4.0,884
"3340 Steiner St,San Francisco,CA,94123","French,Italian,American (New)",Bistro Aix,(415) 202-0100,$11-30,4.0,665
"199 Gough St,San Francisco,CA,94102","American (New),Cocktail Bars,Wine Bars",Rich Table,(415) 355-9085,$31-60,4.0,1215
"2018 Lombard St,San Francisco,CA,94123","Spanish,Tapas/Small Plates,Wine Bars",Alegrias,(415) 929-8888,$11-30,4.0,784
"2282 Mission St,San Francisco,CA,94110","Seafood,Fish & Chips",Mission Street Oyster Bar & Seafood Restaurant,(415) 621-6987,$11-30,4.0,589
"501 Geary St,San Francisco,CA,94102","Italian,Wine Bars,Cocktail Bars",Tratto,(415) 292-8151,$11-30,4.0,571
"174 Valencia St,San Francisco,CA,94103","Ramen,Noodles",Orenchi Beyond,(415) 431-3971,$11-30,4.0,645
"4542 Irving St,San Francisco,CA,94122","Seafood,Tacos",Hook Fish,,$11-30,4.5,499
"1175 Folsom St,San Francisco,CA,94103","Thai,Bars",Basil Thai Restaurant & Bar,(415) 552-8999,$11-30,4.0,1508
"809 Bush St,San Francisco,CA,94108","Mexican,Korean,Latin American",Tacorea,(415) 885-1325,$11-30,4.5,1668
"716 Columbus Ave,San Francisco,CA,94133","Italian,Pasta Shops,International Grocery",The Italian Homemade Company,(415) 712-8874,$11-30,4.5,1484
"28 Fremont St,San Francisco,CA,94105","Mediterranean,Tapas/Small Plates",Barcha,(415) 957-5463,$11-30,4.0,455
"1737 Buchanan St,San Francisco,CA,94115",Ramen,Hinodeya Ramen Bar,(415) 757-0552,$11-30,4.0,1067
"4058 18th St,San Francisco,CA,94114","American (New),Wine Bars",Blind Butcher,(415) 529-2478,$11-30,4.0,104
"2312 Market St,San Francisco,CA,94114",,Taco Boys,(415) 829-3609,,5.0,2
"1581 Webster St,Ste 217,Japan Center,San Francisco,CA,94115","Japanese,Noodles,Desserts",Udon Mugizo,(415) 931-3118,$11-30,4.0,833
"420 Judah St,San Francisco,CA,94122",,K POP,(415) 889-9392,,4.5,22
"1521 Hyde St,San Francisco,CA,94109",French,Cocotte,(415) 292-4415,$31-60,4.0,524
"570 Green St,San Francisco,CA,94133","Asian Fusion,Noodles,Breakfast & Brunch",Chubby Noodle,(415) 296-9600,$11-30,4.0,558
"450 Irving St,San Francisco,CA,94122","Singaporean,Malaysian,Indonesian",Lime Tree Southeast Asian Kitchen,(415) 665-1415,$11-30,4.0,1499
"1001 Minnesota St,San Francisco,CA,94107","Italian,Pizza,Coffee & Tea",Piccino,(415) 824-4224,$11-30,4.0,1410
"704 Sutter St,San Francisco,CA,94109","Japanese,Sushi Bars,Asian Fusion",Sanraku,(415) 771-0803,$11-30,4.0,1716
"2406 California St,San Francisco,CA,94115","Pizza,Italian",Pizzeria Delfina - Pacific Heights,(415) 440-1189,$11-30,4.0,1474
"360 Pine St,San Francisco,CA,94104",Italian,Credo,(415) 693-0360,$31-60,4.0,874
"900 N Point St,Ste B-201A,San Francisco,CA,94109",,Palette Tea House,(415) 347-8888,,4.0,566
"750 Ellis St,San Francisco,CA,94109","Southern,Comfort Food,Breakfast & Brunch",Rusty's Southern,(415) 638-6974,$11-30,4.5,1016
"908 Clement St,San Francisco,CA,94118",Indian,Keeva Indian Kitchen,(415) 742-4010,$11-30,4.5,501
"2 Marina Blvd,Bldg A,Fort Mason,San Francisco,CA,94123","Vegetarian,Vegan,Gluten-Free",Greens Restaurant,(415) 771-6222,$31-60,4.0,2041
"1 Ferry Bldg,Ste 3,San Francisco,CA,94111","Vietnamese,Asian Fusion,Bars",The Slanted Door,(415) 861-8032,$31-60,3.5,5665
"3560 18th St,San Francisco,CA,94110","Cocktail Bars,Hungarian,Modern European",Dear Inga,,$31-60,4.5,62
"865 Market St,San Francisco,CA,94103",Mexican,Cocosueño,(415) 513-5122,$11-30,4.0,71
"500 Haight St,San Francisco,CA,94117",Chinese,YH-Beijing,(415) 355-9125,$11-30,4.5,56
"619 Taylor St,San Francisco,CA,94102","Sushi Bars,Japanese",Ryoko's,(415) 775-1028,$11-30,4.0,2992
"505 Beach St,San Francisco,CA,94133","Korean,American (New),Breakfast & Brunch",Surisan,(415) 771-8449,$11-30,4.5,1900
"1800 Mason St,San Francisco,CA,94133",Italian,Trattoria Contadina,(415) 982-5728,$11-30,4.0,1367
"2555 Judah St,San Francisco,CA,94122",Chinese,Terra Cotta Warrior,(415) 681-3288,$11-30,4.0,545
"2311 Clement St.,San Francisco,CA,94121","Barbeque,Chinese",Top SF BBQ,(415) 571-8201,$11-30,3.5,103
"5800 Geary Blvd,San Francisco,CA,94121","Moroccan,Wine Bars,Cocktail Bars",Aziza,(415) 682-4196,$31-60,4.0,1961
"2339 Clement St,San Francisco,CA,94121","Italian,Pizza,Wine Bars",Fiorella -Clement,(415) 340-3049,$11-30,4.0,444
"2221 Clement St,San Francisco,CA,94121",,Izakaya Mayumi,(415) 742-4159,,4.5,30
"1270 Valencia St,San Francisco,CA,94110",Italian,Barzotto,(415) 285-1200,$11-30,4.0,630
"1923 Fillmore St,San Francisco,CA,94115",Burgers,Roam Artisan Burgers,(415) 800-7801,$11-30,4.0,1195
"631 Kearny St,San Francisco,CA,94108","Seafood,Cantonese",R&G Lounge,(415) 982-7877,$11-30,3.5,4454
"61 Division St,San Francisco,CA,94103","Japanese,Steakhouses",Niku Steakhouse,(415) 829-7817,Above $61,4.0,230
"3218 Mission St,San Francisco,CA,94110","American (Traditional),Comfort Food,Wine Bars",Blue Plate,(415) 282-6777,$31-60,4.0,1423
"2224 Mission St,San Francisco,CA,94110",Guamanian,Prubechu,(415) 853-0671,$31-60,4.5,360
"2231 Chestnut St,San Francisco,CA,94123","Gastropubs,Bars,American (New)",The Tipsy Pig,(415) 292-2300,$11-30,3.5,1547
"517 Hayes St,San Francisco,CA,94102","Greek,Mediterranean",Souvla,(415) 400-5458,$11-30,4.0,1359
"1085 Mission St,San Francisco,CA,94103",American (New),Birdsong,(415) 369-9161,Above $61,4.5,241
"468 Castro Sreet,San Francisco,CA,94114",,Bhoga,(415) 915-4444,,4.5,103
"951 Clement St,San Francisco,CA,94118","Japanese,Hot Pot,Bars",Shabu Club,(415) 742-5265,$11-30,4.0,771
"3228 Sacramento St,San Francisco,CA,94115","American (New),Italian",Sorrel,(415) 525-3765,$31-60,4.0,217
"1152 Taylor St,San Francisco,CA,94108","Italian,Pizza",Nob Hill Cafe,(415) 776-6500,$11-30,4.0,1344
"115 New Montgomery St,San Francisco,CA,94105","Chicken Shop,Sandwiches",The Bird,(415) 872-9825,Under $10,4.0,1765
"1401 18th St,San Francisco,CA,94107","French,Burgers,Creperies",Chez Maman East,(415) 655-9542,$11-30,4.5,2069
"1050 Valencia St,San Francisco,CA,94110","Japanese,Soup",Shabu House,(415) 757-0889,$11-30,4.0,77
"615 Balboa St,San Francisco,CA,94118",American (New),The Richmond,(415) 379-8988,$31-60,4.5,679
"1099 Tennessee St,San Francisco,CA,94107",Italian,Marcella's Lasagneria,(415) 920-2225,$11-30,4.5,373
"231 Franklin St,San Francisco,CA,94102","Ramen,Izakaya",Nojo Ramen Tavern,(415) 896-4587,$11-30,4.0,850
"88 Division St,San Francisco,CA,94103","Thai,Noodles,Beer, Wine & Spirits",Saap Ver Authentic Thai Cuisine,(415) 255-8188,$11-30,4.0,467
"509 Haight St,San Francisco,CA,94117","Korean,Barbeque,Asian Fusion",Purple Rice,(415) 932-6257,$11-30,4.5,77
"126 Clement St,San Francisco,CA,94118","French,Wine Bars",Chapeau!,(415) 750-9787,$31-60,4.5,2701
"381 S Van Ness Ave,San Francisco,CA,94103",German,Walzwerk,(415) 551-7181,$11-30,4.0,986
"333 Fulton St,San Francisco,CA,94102","Scandinavian,Bars",Pläj Scandinavian Restaurant & Bar,(415) 294-8925,$31-60,4.0,674
"702 Valencia St,San Francisco,CA,94110",Pizza,Flour + Water Pizzeria,,$11-30,4.0,195
"699 Chenery St,San Francisco,CA,94131",French,Le P'tit Laurent,(415) 334-3235,$31-60,4.0,768
"1524 Irving St,San Francisco,CA,94122","Japanese,Sushi Bars",Goemon's,(415) 742-5137,$11-30,4.5,190
"400 Waller St,San Francisco,CA,94117","Thai,Noodles",Thep Eatery,(415) 913-7076,$11-30,4.5,39
"2272 Market St,San Francisco,CA,94114","Spanish,Tapas Bars,Wine Bars",Canela Bistro & Wine Bar,(415) 552-3000,$11-30,4.0,632
"1077 Mission St,San Francisco,CA,94103",Pizza,Square Pie Guys,(415) 872-9290,$11-30,4.5,208
"470 Pacific Ave,San Francisco,CA,94133","French,Italian",Quince,(415) 775-8500,Above $61,4.0,1490
"1737 Post St,Ste 337,San Francisco,CA,94115","Sushi Bars,Japanese",Oma San Francisco Station,,Above $61,4.5,191
"690 Sacramento St,San Francisco,CA,94111","Tapas Bars,Lounges,Asian Fusion",RM 212,(415) 500-2780,$11-30,4.5,406
"1550 Church St,San Francisco,CA,94131","Portuguese,Cocktail Bars",Uma Casa,(415) 829-2264,$31-60,4.0,281
"2000 Hyde St,San Francisco,CA,94109",,Abrazo,(415) 872-9239,,4.5,62
"550 Valencia St,San Francisco,CA,94110","American (Traditional),Tex-Mex,Breakfast & Brunch",West of Pecos,(415) 252-7000,$11-30,4.0,997
"405 Mason St,San Francisco,CA,94102","Hot Pot,Chinese",Happy Lamb Hot Pot,(415) 673-9919,$11-30,4.0,599
"655 Divisadero St,San Francisco,CA,94117","Seafood,Live/Raw Food",Bar Crudo,(415) 409-0679,$31-60,4.0,1828
"2345 Mission St,San Francisco,CA,94110","Mediterranean,Wine Bars,Arabian",Arabian Nights Restaurant,(415) 648-1444,$11-30,4.0,720
"517 Clement St,San Francisco,CA,94118",,Mamahuhu,(415) 742-4958,,3.5,46
"2990 24th St,San Francisco,CA,94110",American (New),Son's Addition,(415) 500-2817,$11-30,4.0,238
"2534 Mission St,San Francisco,CA,94110","Breakfast & Brunch,Mediterranean,Cocktail Bars",Foreign Cinema,(415) 648-7600,$31-60,4.0,4825
"332 Clement St,San Francisco,CA,94118",,Mokuku,(415) 702-6128,,4.0,171
"708 14th St,San Francisco,CA,94114",Vietnamese,Jasmine Garden,(415) 861-2682,$11-30,4.0,667
"201 3rd St,Ste 100,San Francisco,CA,94103","Brazilian,Steakhouses",Fogo de Chão Brazilian Steakhouse - San Francisco,(415) 427-0004,$31-60,3.5,937
"2244 Fillmore St,San Francisco,CA,94115",Italian,Via Veneto,(415) 346-9211,$11-30,4.0,252
"699 Ave Of The Palms,San Francisco,CA,94130","American (Traditional),Bars",Mersea,(415) 851-8118,$11-30,4.5,592
"855 Terry Francois St,San Francisco,CA,94158","Dive Bars,American (Traditional),Seafood",The Ramp,(415) 621-2378,$11-30,3.5,1083
"1449 Lombard St,San Francisco,CA,94123",American (New),Sugarhill Kitchen,(415) 292-2368,$11-30,4.0,82
"2162 Larkin St,San Francisco,CA,94109",Italian,Amarena,(415) 447-0441,$11-30,4.0,581
"133 Clement St,San Francisco,CA,94118",Vietnamese,Le Soleil,(415) 668-4848,$11-30,4.0,523
"307 Hayes St,San Francisco,CA,94102",Thai,Lers Ros Thai,(415) 874-9661,$11-30,3.5,802
"2291 3rd St,San Francisco,CA,94107",,Hu Tong Jian Bing,,,4.5,13
"661 Divisadero,San Francisco,CA,94117","Tapas/Small Plates,Cocktail Bars,Breakfast & Brunch",barvale,(415) 654-5211,$11-30,4.0,345
"3501 Mission St,San Francisco,CA,94110",Indian,Tilak,(415) 647-4037,$11-30,4.5,251
"1652 Stockton St,San Francisco,CA,94133","American (New),Breakfast & Brunch,Gastropubs",Park Tavern,(415) 989-7300,$31-60,4.0,1571
"1525 Fillmore St,San Francisco,CA,94115","American (New),Bars",The Progress,(415) 673-1294,Above $61,4.0,887
"1420 Irving St,San Francisco,CA,94122","Chinese,Hot Pot,Asian Fusion",IPOT,(628) 400-5970,$11-30,4.0,1015
"330 Gough St,San Francisco,CA,94102","American (New),Gluten-Free,Vegetarian",Nightbird,(415) 829-7565,Above $61,4.0,156
"369 The Embarcadero,San Francisco,CA,94105","Steakhouses,Seafood,American (New)",EPIC Steak,(415) 369-9955,$31-60,3.5,2275
"679 Sutter St,San Francisco,CA,94102","Mexican,Cocktail Bars",Matador,(415) 923-8146,$11-30,4.0,595
"258 Divisadero St,San Francisco,CA,94117","Wine Bars,Indian",Indian Paradox,(415) 593-5386,$11-30,4.5,167
"2500 Bryant St,San Francisco,CA,94110",Asian Fusion,The Spice Jar,(415) 829-3668,$11-30,4.0,356
"203 C Pier 39,San Francisco,CA,94133",Seafood,Crab House at Pier 39,(415) 434-2722,$31-60,3.5,2205
"33 W Portal Ave,San Francisco,CA,94127","Italian,Seafood",Spiazzo Ristorante,(415) 664-9511,$11-30,4.0,661
"2401 Polk St,San Francisco,CA,94109","Breakfast & Brunch,Diners,Burgers",The New Spot On Polk,(415) 913-7775,$11-30,4.5,653
"4601 Geary Blvd,San Francisco,CA,94118","Japanese,Beer Bar",Konomama,,$11-30,4.5,47
"333 O'Farrell St,Hilton - San Francisco Union Square,San Francisco,CA,94102","American (New),Gastropubs",Urban Tavern,(415) 923-4400,$11-30,4.0,272
"348 Columbus Ave,San Francisco,CA,94133","Italian,Pizza",Il Casaro Pizzeria & Mozzarella Bar - North Beach Location,(415) 677-9455,$11-30,4.5,1146
"1735 Noriega St,San Francisco,CA,94122","American (Traditional),Breweries",Sunset Reservoir Brewing Company,(415) 571-8452,$11-30,3.5,621
"2011 Mission St,San Francisco,CA,94110","Gluten-Free,American (New)",Kitava,(415) 780-1661,$11-30,4.5,401
"2210 Fillmore St,San Francisco,CA,94115","Middle Eastern,Mediterranean,Armenian",La Mediterranee,(415) 921-2956,$11-30,4.0,1512
"4000 24th St,San Francisco,CA,94114","Mediterranean,Greek,Breakfast & Brunch",NOVY Restaurant,(415) 829-8383,$11-30,4.0,418
"932 Larkin St,San Francisco,CA,94109","Korean,Tapas/Small Plates,Chicken Shop",Aria Korean Street Food,(415) 292-6914,$11-30,4.0,737
"850 Bush St,San Francisco,CA,94108","American (Traditional),Beer Bar",Hopwater Distribution,,$11-30,4.5,710
"2295 Market St,San Francisco,CA,94114","Latin American,Mexican",The Castro Republic,(415) 934-0525,$11-30,4.0,306
"San Francisco,CA,94133","Turkish,Middle Eastern,Pop-Up Restaurants",Istanbul Modern SF,(845) 372-3038,$31-60,5.0,79
"2238 Polk St,San Francisco,CA,94109","Pizza,Italian",Fiorella -Polk,(415) 829-7097,$11-30,4.0,107
"3303 Mission St,San Francisco,CA,94110","Ramen,Japanese Curry",Fumi Japanese Curry & Ramen,(415) 757-0901,$11-30,4.0,403
"3415 California St,San Francisco,CA,94118","Latin American,Peruvian,Comfort Food",Artesano,(415) 221-5500,$11-30,4.0,360
"903 Cortland Ave,San Francisco,CA,94110","Thai,Noodles,Ramen",Nute's,(415) 260-0192,$11-30,4.0,213
"3665 Sacramento St,San Francisco,CA,94118","Italian,Venues & Event Spaces,Wine Bars",Sociale,(415) 921-3200,$31-60,4.0,666
"8 Mission Street,San Francisco,CA,94105","Italian,American (New),American (Traditional)",Americano,(415) 278-3777,$11-30,3.5,1018
"1781 Church St,San Francisco,CA,94131","Pizza,Italian,Salad",Ardiana,(415) 926-5962,$11-30,4.5,124
"836 Irving St,San Francisco,CA,94122",Vietnamese,Perilla,(415) 564-9980,$11-30,4.0,1287
"1517 Polk St,San Francisco,CA,94109",Seafood,Swan Oyster Depot,(415) 673-1101,$11-30,4.0,2795
"516 Green St,San Francisco,CA,94133","Pizza,Italian",Baonecci Ristorante,(415) 989-1806,$11-30,4.5,962
"3317 Steiner St,San Francisco,CA,94123",Burmese,Karaweik Burmese Cuisine,(415) 922-1892,$11-30,4.5,105
"613 Faxon Ave,San Francisco,CA,94112","Laotian,Asian Fusion,Thai",Champa Garden,(415) 349-4186,$11-30,4.0,757
"1395 22nd St,SAN FRANCISCO,CA,94107",,reception,(415) 282-2800,,5.0,6
"399 Geary St,San Francisco,CA,94102",,Mastro's Steakhouse San Francisco,(415) 363-9539,,3.5,98
"240 California St,San Francisco,CA,94111","Seafood,American (Traditional)",Tadich Grill,(415) 391-1849,$31-60,4.0,2442
"5524 Geary Blvd,San Francisco,CA,94121","Korean,Asian Fusion,Ramen",JIJIME,(415) 221-5353,$11-30,4.5,306
"528 Divisidero St,San Francisco,CA,94117","Cocktail Bars,American (New)",Horsefeather,(415) 817-1939,$11-30,4.0,266
"5850 Geary Blvd,San Francisco,CA,94121",Korean,Um Ma Son,(415) 831-8662,$11-30,4.0,393
"4826 Mission St,San Francisco,CA,94112","Southern,American (New),Cajun/Creole",Gentilly,(415) 859-5633,$11-30,4.5,59
"1360 9th Ave,San Francisco,CA,94122","Hot Pot,Asian Fusion,Buffets",Sunset Shabu,(415) 571-8100,$11-30,4.0,90
"510 Stevenson St,San Francisco,CA,94103",Pizza,Montesacro Pinseria SF,(415) 795-3040,$11-30,4.5,696
"1142 Valencia St,San Francisco,CA,94110",Indian,Deccan Spice,(415) 915-2222,$11-30,4.0,656
"2337 Market St,San Francisco,CA,94114","Mexican,Latin American,Tex-Mex",Tacorgasmico,(415) 565-0655,$11-30,4.0,255
"299 Bayshore Blvd,San Francisco,CA,94124","Seafood,American (Traditional)",The Old Clam House,(415) 826-4880,$11-30,3.5,838
"1916 Hyde St,San Francisco,CA,94109",Sushi Bars,Elephant Sushi,(415) 440-1905,$11-30,4.0,767
"950 Mason St,San Francisco,CA,94108","Asian Fusion,Tiki Bars",Tonga Room & Hurricane Bar,(415) 772-5278,$31-60,3.5,2714
"1626 Taraval St,San Francisco,CA,94116","Hot Pot,Chinese",Fiery Hot Pot Buffet,(415) 682-4578,$11-30,4.5,343
"607 Divisadero St,San Francisco,CA,94117",Mediterranean,Zaytoon Mediterranean,(415) 674-4115,$11-30,4.0,93
"300 Precita Ave,San Francisco,CA,94110","American (New),Breakfast & Brunch,Italian",Hillside Supper Club,(415) 285-6005,$11-30,4.0,392
"2272 Chestnut St,San Francisco,CA,94123","Greek,Mediterranean",Souvla,(415) 400-5458,$11-30,4.0,73
"242 O'Farrell St,San Francisco,CA,94102","Breweries,Sports Bars,Gastropubs",Bartlett Hall,(415) 433-4332,$11-30,3.5,875
"360 Jessie St,San Francisco,CA,94103","American (New),British,Cocktail Bars",The Cavalier,(415) 321-6000,$31-60,4.0,1019
"1042 Kearny St,San Francisco,CA,94133","Italian,Pizza,Seafood",Tommaso's,(415) 398-9696,$11-30,4.0,1591
"4301 24th St,San Francisco,CA,94114","Thai,Asian Fusion,Laotian",Rin's Thai Restaurant,(415) 821-4776,$11-30,4.0,352
"425 Hayes St,Ste A,San Francisco,CA,94102",Mexican,Papito Hayes,(415) 554-0541,$11-30,4.0,703
"2505 3rd St,San Francisco,CA,94107","American (New),Brewpubs,Bars",Magnolia Dogpatch,(415) 864-7468,$11-30,3.5,123
"132 The Embarcadero,San Francisco,CA,94105","Seafood,Steakhouses",Angler,(415) 872-9442,Above $61,3.5,317
"3251 20th Ave,San Francisco,CA,94132","Italian,Salad,Soup",Olive Garden Italian Restaurant,(415) 661-6770,$11-30,3.0,1147
"3226 Mission St,San Francisco,CA,94110",Peruvian,Mi Lindo Perú,(415) 642-4897,$11-30,4.0,727
"300 Spear St,San Francisco,CA,94105",American (New),Prospect,(415) 247-7770,$31-60,4.0,1564
"710 Montgomery St,San Francisco,CA,94111","American (New),French",Nico,(415) 359-1000,$31-60,4.0,290
"2327 Mission St,San Francisco,CA,94110","Bars,Caribbean,Tapas/Small Plates",Cha Cha Cha,(415) 824-1502,$11-30,3.5,1955
"San Francisco,CA,94129",,Hotbird,(510) 917-0484,,4.5,94
"830 Cortland Ave,San Francisco,CA,94110","Latin American,Peruvian",Piqueo's,(415) 282-8812,$31-60,4.0,654
"603 Bush St,San Francisco,CA,94108",French,Bouche,(415) 956-0396,$31-60,4.5,771
"1715 Union St,San Francisco,CA,94123",Italian,Pane E Vino,(415) 441-2111,$11-30,4.0,409
"2140 Clement St,San Francisco,CA,94121","Korean,Barbeque,Asian Fusion",K-Elements BBQ,(415) 851-8870,$11-30,4.0,548
"3115 22nd St,San Francisco,CA,94110",Mexican,Californios,(415) 757-0994,Above $61,4.5,294
"Pier 43 1/2 Fisherman's Wharf,Fisherman's Wharf,San Francisco,CA,94133","Seafood,American (Traditional)",Franciscan Crab Restaurant,(415) 362-7733,$31-60,3.5,1784
"82 14th St,San Francisco,CA,94103",Japanese,Okkon Japanese Street Food,(510) 590-0482,$11-30,4.5,18
"550 16th St,San Francisco,CA,94158","Mediterranean,Middle Eastern,Kebab",SF Kebab,(415) 255-2262,$11-30,4.0,303
"59 Columbus Ave,San Francisco,CA,94133",Italian,Caffe Macaroni,(415) 956-9737,$11-30,4.5,557
"1327 Polk St,San Francisco,CA,94109",,El Lopo,(415) 237-3072,,4.5,55
"431 Natoma St,San Francisco,CA,94103","Food Stands,Burgers,Waffles",Box Kitchen,(415) 580-7170,$11-30,4.5,806
"943 Columbus Ave,San Francisco,CA,94133","Indian,Halal,Pakistani",Curry Leaf,(415) 440-4293,$11-30,4.5,638
"1115 Clement St,San Francisco,CA,94118","Hot Pot,Chinese,Mongolian",DNM Hot Pot,(415) 668-8666,$11-30,4.5,100
"2304 Market St,San Francisco,CA,94114","Burgers,American (Traditional)",Super Duper Burgers,(415) 558-8123,Under $10,4.0,1288
"900 Bush St,Ste C101,San Francisco,CA,94109","Izakaya,Sushi Bars",Izakaya Yoki,(415) 923-1141,$11-30,4.5,197
"3180-82 16th St,San Francisco,CA,94103","Indian,Pakistani",Pakwan Restaurant - 16th Street,(415) 255-2440,$11-30,4.0,1739
"2526 3rd St,San Francisco,CA,94107","Soul Food,Southern,Sandwiches",Hard Knox Cafe,(415) 648-3770,$11-30,4.0,2151
"708 Clement St,San Francisco,CA,94118","American (New),Cocktail Bars",Heritage Restaurant & Bar,(415) 386-2200,$11-30,4.0,198
"1400 Sutter St,San Francisco,CA,94109","Sandwiches,Delis,Beer, Wine & Spirits",Limoncello,(415) 638-6361,$11-30,5.0,866
"510 Union St,San Francisco,CA,94133","Mexican,Seafood",Don Pistos,(415) 395-0939,$11-30,4.0,1793
"2316 Polk St,San Francisco,CA,94109","French,Wine Bars",La Folie,(415) 776-5577,Above $61,4.5,1458
"1725 Haight St,San Francisco,CA,94117","American (New),Breakfast & Brunch,Cocktail Bars",The Alembic,(415) 666-0822,$11-30,4.0,1677
"2211 Mission St,San Francisco,CA,94110","Mexican,Desserts,Cocktail Bars",Gracias Madre,(415) 683-1346,$11-30,4.0,3234
"3970 17th St,San Francisco,CA,94114","Thai,American (New),Breakfast & Brunch",Me & Tasty,(415) 923-8498,$11-30,4.0,317
"50 Moraga Ave,San Francisco,CA,94129","Mexican,Beer, Wine & Spirits",Arguello,(415) 561-3650,$11-30,3.0,322
"3611 18th St,San Francisco,CA,94110","Pizza,Italian,Bars",Pizzeria Delfina - Mission,(415) 437-6800,$11-30,4.0,2285
"Pier 7 The Embarcadero,San Francisco,CA,94111","Seafood,American (Traditional)",Waterfront Restaurant,(415) 391-2696,$31-60,3.0,1199
"18 Yerba Buena Ln,San Francisco,CA,94103","Ramen,Noodles,Soup",Ippudo San Francisco,(415) 348-1202,$11-30,3.5,968
"317 Connecticut St,San Francisco,CA,94107",Mexican,Papito Potrero Hill,(415) 695-0147,$11-30,4.0,687
"1325 9th Ave,San Francisco,CA,94122","Hot Pot,Japanese",Nabe,(415) 731-2658,$11-30,4.0,535
"409 Gough St,San Francisco,CA,94102","American (Traditional),Italian,Desserts",Dobbs Ferry Restaurant,(415) 551-7700,$11-30,4.0,597
"2878 24th St,San Francisco,CA,94110","Japanese,Sushi Bars",Sake Bomb,(415) 824-2878,$11-30,4.5,101
"303 2nd St,San Francisco,CA,94107","American (New),Sports Bars,Venues & Event Spaces",Red Dog Restaurant & Bar,(415) 692-0211,$11-30,3.5,493
"1939 Ocean Ave,San Francisco,CA,94127","Japanese,Sushi Bars,Poke",Kaisen DON,(415) 859-9081,$11-30,4.0,338
"721 Market St,San Francisco,CA,94103","Burgers,American (Traditional)",Super Duper Burgers,(415) 538-3437,$11-30,4.0,2770
"1446 Market St,San Francisco,CA,94102","Southern,Whiskey Bars,American (New)",Hazel Southern Bar & Kitchen,(415) 964-9644,$11-30,4.0,434
"1705 Haight St,San Francisco,CA,94117",Thai,Siam Lotus Thai Cuisine,(415) 933-8031,$11-30,4.0,450
"753 Alabama St,San Francisco,CA,94110","Cocktail Bars,American (New),Comfort Food",True Laurel,(415) 341-0020,$11-30,4.0,187
"2100 Van Ness Ave,San Francisco,CA,94109",Steakhouses,Harris' Restaurant,(415) 673-1888,Above $61,4.0,1853
"9 th St & Ave H,Bldg 368,San Francisco,CA,94130",American (New),Job Corps Advanced Culinary Academy Fine Dining Restaurant,(415) 277-2370,$11-30,4.5,27
"801 Montgomery St,San Francisco,CA,94133","Steakhouses,Japanese,Cocktail Bars",Roka Akor - San Francisco,(415) 362-8887,Above $61,4.0,1304
"1382 9th Ave,San Francisco,CA,94122",Ramen,Ushi Taro,(415) 702-6014,$11-30,4.0,224
"1015 Irving St,San Francisco,CA,94122","Vietnamese,Chinese,Noodles",Yummy Yummy,(415) 566-4722,$11-30,4.0,1422
"1800 Montgomery St,San Francisco,CA,94111","American (New),Wine Bars",Hillstone,(415) 392-9280,$31-60,4.0,2201
"1407 Bush St,San Francisco,CA,94109",Peruvian,La Fina Estampa,(415) 345-1685,$11-30,4.0,242
"448 Brannan St,San Francisco,CA,94107","Steakhouses,Seafood,American (New)",Alexander's Steakhouse,(415) 495-1111,Above $61,4.0,1720
"1160 Polk St,Fl 2,San Francisco,CA,94109","Gastropubs,Cideries",Upcider,(415) 966-5730,$11-30,4.0,606
"714 Montgomery St,San Francisco,CA,94111","American (New),Cocktail Bars,Venues & Event Spaces",Barbarossa Lounge,(415) 434-4204,$11-30,4.0,451
"508 4th St,San Francisco,CA,94107","Bars,Venues & Event Spaces,American (New)",Coin-Op Game Room,(628) 444-3277,$11-30,4.5,513
"415 Sansome St,San Francisco,CA,94111","Wine Bars,Restaurants,Cocktail Bars",The Barrel Room,(415) 956-6900,$11-30,4.0,316
"3388 19th St,San Francisco,CA,94110","Senegalese,Dance Clubs,Cocktail Bars",Bissap Baobab,(415) 826-9287,$11-30,4.0,888
"644 Broadway,San Francisco,CA,94133","Chinese,Cocktail Bars,Asian Fusion",China Live,(415) 788-8188,$11-30,3.5,1195
"3420 Balboa St,San Francisco,CA,94121",Shanghainese,Jiangnan Cuisine,(415) 702-9931,$11-30,4.5,215
"302 Broderick St,San Francisco,CA,94117",,RT Rotisserie,,,4.0,42
"851 Beach St,San Francisco,CA,94109","Barbeque,Pubs,American (Traditional)",The Pub At Ghirardelli Square,(415) 351-0500,$11-30,3.5,919
"680 Valencia St,San Francisco,CA,94110","Thai,Laotian,Venues & Event Spaces",Hawker Fare,(415) 400-5699,$11-30,3.5,491
"3215 Mission St,San Francisco,CA,94110","Arcades,Bars,Hawaiian",Outer Orbit,(415) 574-6166,$11-30,4.5,80
"523 Broadway,San Francisco,CA,94133","Indian,Himalayan/Nepalese",Urban Curry Restaurant,(415) 677-9743,$11-30,4.0,658
"2340 Geary Blvd,San Francisco,CA,94115","Korean,Noodles,Soup",Zazang Korean Noodles,(415) 447-0655,$11-30,3.5,500
"555 Columbus Ave,San Francisco,CA,94133","Italian,Argentine",Il Pollaio,(415) 362-7727,$11-30,4.5,385
"4318 California St,San Francisco,CA,94118","German,Comfort Food,Polish",Cafe Europa,(415) 386-1000,$11-30,4.5,445
"741 Valencia St,San Francisco,CA,94110","Mexican,Cocktail Bars",Tacolicious,(415) 649-6077,$11-30,3.5,1447
"5827 Geary Blvd,San Francisco,CA,94121",Vietnamese,An Chi,(415) 702-9986,$11-30,4.5,84
"2966 Mission St,San Francisco,CA,94110","Middle Eastern,Mediterranean,Arabian",Old Jerusalem Restaurant,(415) 642-5958,$11-30,4.0,1072
"3115 Fillmore St,San Francisco,CA,94123",Mexican,Tacko,(415) 796-3534,$11-30,4.0,779
"499 Illinois St,San Francisco,CA,94158","American (New),Mediterranean,Bars",Stem Kitchen & Garden,(415) 915-1000,$11-30,3.5,391
"1453 18th St,San Francisco,CA,94107","American (Traditional),Salad,Breakfast & Brunch",Mac Daddy,(415) 872-6670,$11-30,4.0,544
"2801 Folsom St,San Francisco,CA,94110","Latin American,Peruvian,Wine Bars",Alma Cocina,(415) 341-0389,$11-30,4.0,253
"871 Sutter St,San Francisco,CA,94109","Cocktail Bars,Wine Bars,American (New)",Louie's Gen-Gen Room,(415) 440-5446,$11-30,4.5,213
"450 Balboa St,San Francisco,CA,94118","Chicken Wings,Beer Bar",Foghorn Taproom,,$11-30,4.0,55
"710 Florida St,Fl 2,San Francisco,CA,94110",,ChiliCali,(510) 516-0767,,5.0,18
"1000 Larkin St,San Francisco,CA,94109","American (New),Bars",The Saratoga,(415) 932-6464,$31-60,4.0,331
"242 King St,San Francisco,CA,94107","Burgers,American (New),Gastropubs",Umami Burger Soma District,(415) 904-8626,$11-30,3.0,1037
"3047 Mission St,San Francisco,CA,94110","Italian,Venezuelan",Francisca's,(415) 374-5747,$31-60,4.5,145
"2323 Mission St,San Francisco,CA,94110","Bars,American (New)",Teeth,(415) 285-2380,$11-30,3.5,1023
"783 Mission St,San Francisco,CA,94103","Burgers,American (Traditional)",Super Duper Burgers,(415) 882-1750,$11-30,4.0,1345
"3856 24th St,San Francisco,CA,94114","Sushi Bars,Japanese,Seafood",Saru Sushi Bar,(415) 400-4510,$31-60,4.5,840
"243 O'Farrell St,San Francisco,CA,94102","Irish,Irish Pub",Johnny Foley's,(415) 954-0777,$11-30,4.0,1310
"1809 Union St,San Francisco,CA,94123",Italian,Capannina,(415) 409-8001,$31-60,4.0,824
"2434 Mission St,San Francisco,CA,94110","Indian,Himalayan/Nepalese,Vegan",Mission Curry House,(415) 872-9130,$11-30,4.5,78
"398 Hayes St,San Francisco,CA,94102","French,Breakfast & Brunch,Bars",Absinthe Brasserie & Bar,(415) 551-1590,$31-60,4.0,3254
"2801 Geary Blvd,San Francisco,CA,94118","Pubs,British",The Pig & Whistle,(415) 885-4779,$11-30,4.0,464
"1740 Buchanan St,San Francisco,CA,94115",Ramen,Oji,(415) 658-7103,$11-30,4.0,85
"178 Townsend St,San Francisco,CA,94107",American (New),Saison,(415) 828-7990,Above $61,4.0,479
"609 Hayes St,San Francisco,CA,94102",French,Petit Crenn,(415) 864-1744,Above $61,4.0,432
"2506 Fillmore St,San Francisco,CA,94115","Italian,Wine Bars",Jackson Fillmore Trattoria,(415) 346-5288,$11-30,4.0,492
"2660 Mason St,San Francisco,CA,94133",,Krispy Krunchy Chicken,(415) 800-8637,,4.5,24
"1833 Irving St,San Francisco,CA,94122","Vietnamese,Noodles",Pho Huynh Hiep 2 - Kevin's Noodle House,(415) 664-0469,Under $10,4.0,1654
"808 Geary St,San Francisco,CA,94109","Vietnamese,Bars",Anh Hong Bo 7 Mon,(415) 885-5180,$11-30,4.0,569
"2223 Union St,San Francisco,CA,94123","French,Burgers",Gamine,(415) 771-7771,$11-30,4.5,886
"3226 Geary Blvd,San Francisco,CA,94118","Thai,Breakfast & Brunch",Derm Restaurant,(415) 379-4549,$11-30,4.0,237
"458 Grove St,San Francisco,CA,94102","Wine Bars,American (New)",Birba,(415) 549-7612,$11-30,4.5,117
"2770 Taylor St,San Francisco,CA,94133","Burgers,American (Traditional),Sports Bars",Applebee's Grill + Bar,(415) 749-9025,$11-30,2.0,523
"1701 Powell St,San Francisco,CA,94133","Izakaya,Tapas/Small Plates,Pubs",Noren Izakaya,(415) 291-9268,$31-60,4.0,58
"1 Stanyan St,Unit 2,San Francisco,CA,94118","Thai,Chicken Shop",Rooster & Rice,(415) 702-6364,$11-30,4.5,5
"343 Clement St,San Francisco,CA,94118","Japanese,Korean,Asian Fusion",KoJa Kitchen,(415) 463-5085,$11-30,4.0,617
"2427 3rd St,San Francisco,CA,94107","Latin American,Tacos,Tapas/Small Plates",Gilberth's Latin Fusion Restaurant,(415) 913-7163,$11-30,4.0,353
"2301 Clement St,San Francisco,CA,94121","Cocktail Bars,American (Traditional)",Violet's,(415) 682-4861,$11-30,3.5,162
"1785 Union St,San Francisco,CA,94123",Burgers,Roam Artisan Burgers,(415) 440-7626,$11-30,4.0,1532
"150 W Portal Ave,San Francisco,CA,94127","Italian,Pizza",Trattoria da Vittorio - San Francisco,(415) 742-0300,$11-30,4.0,720
"1608 Bush St,San Francisco,CA,94109","Breakfast & Brunch,Filipino,French",1608 Bistro,(415) 346-1608,$11-30,4.0,265
"355 11th St,San Francisco,CA,94103","Bars,American (New)",Bar Agricole,(415) 355-9400,$31-60,3.5,1073
"1429 Stockton St,San Francisco,CA,94133",Italian,Firenze by Night Ristorante,(415) 392-8585,$11-30,4.0,1009
"3060 Fillmore St,San Francisco,CA,94123",Burgers,Shake Shack,(415) 405-4618,$11-30,2.5,142
"546 Valencia St,San Francisco,CA,94110",Mexican,Puerto Alegre,(415) 255-8201,$11-30,4.0,1084
"354 Clement St,San Francisco,CA,94118","Japanese,Hot Pot",Shabu House,(415) 742-4689,$11-30,4.0,297
"115 Sansome St,San Francisco,CA,94104","Japanese,Sushi Bars",The Shota,(628) 224-2074,Above $61,4.5,156
"3266 24th St,San Francisco,CA,94110","Caribbean,Cocktail Bars",Obispo,(415) 529-2099,$11-30,4.5,74
"1455 Market St,Ste 3A,San Francisco,CA,94103","Japanese,Noodles",Kagawa-Ya Udon,(415) 703-0995,$11-30,4.0,301
"584 Valencia St,San Francisco,CA,94110","Bars,Asian Fusion",Bon Voyage,(415) 658-7878,$11-30,4.0,124
"901 Taraval St,San Francisco,CA,94116",Noodles,Guilin Rice Noodles House,(415) 681-2988,$11-30,3.5,44
"3324 24th St,San Francisco,CA,94110","Czech,German,Hungarian",Paprika,(415) 375-1477,$11-30,4.5,405
"1096 S Van Ness Ave,San Francisco,CA,94110","Mini Golf,American (New),Bars",Urban Putt,(415) 341-1080,$11-30,4.5,1402
"22 Peace Plz,Ste 530,San Francisco,CA,94115","Japanese,Sushi Bars",Sasa,(415) 683-9674,$31-60,4.0,216
"2140 Mission St,San Francisco,CA,94110","Gastropubs,Bars",The Sycamore,(415) 252-7704,$11-30,4.0,726
"3414-3416 Judah St,San Francisco,CA,94122","Cocktail Bars,Mexican",Sunset Cantina,(415) 571-8874,$11-30,4.5,71
"524 Van Ness Ave,San Francisco,CA,94102","Indian,Cocktail Bars,Breakfast & Brunch",August 1 Five,(415) 771-5900,$31-60,4.0,731
"235 Church St,San Francisco,CA,94114","Pizza,Cocktail Bars,Breakfast & Brunch",Il Casaro Pizzeria & Mozzarella Bar -  Castro,(415) 875-9421,$11-30,4.5,103
"7 Claude Ln,San Francisco,CA,94108","French,Venues & Event Spaces",Cafe Claude,(415) 392-3505,$31-60,4.0,1999
"2355 Chestnut St,San Francisco,CA,94123","Italian,Pizza",A16,(415) 771-2216,$31-60,3.5,1989
"5344 Geary Blvd,San Francisco,CA,94121","Teppanyaki,Ramen,Hot Pot",Super Pan,(415) 668-5344,$11-30,4.0,366
"762 Valencia St,San Francisco,CA,94110","Japanese,Vegetarian,Vegan",Cha-Ya,(415) 252-7825,$11-30,4.0,1190
"San Francisco,CA,94110","Ramen,Pop-Up Restaurants",Noodle in a Haystack,,$11-30,5.0,37
"San Francisco,CA,94134",,Goldie's Oakwood BBQ,(415) 912-8388,,5.0,62
"25 Yerba Buena Ln,San Francisco,CA,94103","Indian,Lounges",Amber India,(415) 777-0500,$31-60,4.0,2098
"475 Pine St,San Francisco,CA,94104","Latin American,Desserts,Breakfast & Brunch",La Fusión,(415) 781-0894,$11-30,4.5,1110
"1318 Grant Ave,San Francisco,CA,94133",,Portofino,(415) 400-5776,,5.0,11
"901 Divisadero St,San Francisco,CA,94115","Ethiopian,Gluten-Free,Vegetarian",Oasis Cafe,(415) 474-4900,$11-30,4.5,249
"2826 Jones St,San Francisco,CA,94133",Pizza,Carmel Pizza Company,(415) 676-1185,$11-30,4.5,810
"San Francisco,CA","Caterers,Caribbean",Peaches Patties Jamaican Kitchen,(415) 562-7589,$11-30,4.0,45
"2030 Union St,San Francisco,CA,94123","Mexican,Cocktail Bars,Breakfast & Brunch",Flores,(415) 932-6004,$11-30,4.0,502
"643 Post St,San Francisco,CA,94109",Korean,Zzan,(415) 872-9977,$11-30,3.5,230
"3010 20th St,San Francisco,CA,94110","Cocktail Bars,American (New)",Trick Dog,(415) 471-2999,$11-30,4.0,810
"1314 Ocean Ave,San Francisco,CA,94112","Beer Gardens,American (New)",Ocean Ale House,(415) 988-7521,$11-30,4.5,247
"1031 Ocean Ave,San Francisco,CA,94112","Chinese,Hong Kong Style Cafe",Orchids Cafe,(415) 333-8668,$11-30,4.0,130
"144 Taylor St,San Francisco,CA,94102","Bars,American (New),Performing Arts",PianoFight,(415) 816-3691,$11-30,4.5,201
"4014 Geary Blvd,San Francisco,CA,94118","Japanese,Asian Fusion,Barbeque",Camp BBQ,(415) 387-1378,$11-30,4.0,240
"53 W Portal Ave,San Francisco,CA,94127",Indian,Roti Indian Bistro,(415) 665-7684,$11-30,4.0,750
"730 Howard St,Yerba Buena Gardens,San Francisco,CA,94103","Restaurants,Tea Rooms,Venues & Event Spaces",Samovar - Yerba Buena Gardens,(415) 227-9400,$11-30,4.0,2428
"6055 Mission St,Daly City,CA,94014","Asian Fusion,Noodles",Noodle Station,(415) 333-3888,$11-30,4.0,123
"574 Green St,San Francisco,CA,94133","Italian,Seafood",Caffe Sport,(415) 981-1251,$11-30,4.0,759
"680 Folsom St,San Francisco,CA,94107",American (Traditional),Creator,(415) 879-9276,Under $10,4.0,204
"316 11th St,San Francisco,CA,94103","Comfort Food,Cocktail Bars,Lounges",Bergerac,(415) 255-9440,$11-30,4.0,309
"449 Castro St,San Francisco,CA,94114","Turkish,Mediterranean,Kebab",Park Gyros - Castro,(415) 872-9779,$11-30,4.0,200
"688 Mission St,San Francisco,CA,94105","Pizza,Italian,Wine Bars",Pizzeria Delfina - Downtown,(415) 286-9426,$11-30,4.0,119
"3406 18th St,San Francisco,CA,94110","Burmese,Chinese",Yamo,(415) 553-8911,Under $10,4.0,1974
"521A 3rd St,San Francisco,CA,94107","Korean,Asian Fusion,Mexican",HRD,(415) 543-2355,$11-30,4.0,2485
"311 3rd St,San Francisco,CA,94107","Thai,Asian Fusion,Lounges",Osha Thai,(415) 896-6742,$11-30,3.5,951
"736 Clement St,San Francisco,CA,94118",Dim Sum,Good Luck Dim Sum,(415) 386-3388,Under $10,4.0,1606
"771 Ellis St,San Francisco,CA,94109",Thai,Zen Yai Thai Restaurant,(415) 885-0725,Under $10,4.0,708
"1824 Irving St,San Francisco,CA,94122","Sports Bars,American (Traditional),Mexican",The Taco Shop At Underdog's,(415) 566-8700,$11-30,4.0,1843
"1489 Folsom St,San Francisco,CA,94103","Thai,Noodles,Cocktail Bars",Basil Canteen,(415) 552-3963,$11-30,4.0,539
"600 Polk St,San Francisco,CA,94102","American (New),Cocktail Bars,British",Whitechapel SF,(415) 292-5800,$11-30,4.0,469
"2886 16th St,San Francisco,CA,94103","Latin American,Mexican,Bars",Poc-Chuc,(415) 558-1583,$11-30,4.5,547
"2341 C Folsom St,San Francisco,CA,94110",,Chuy's Fiestas,(415) 624-5071,,5.0,37
"380 Bush St,San Francisco,CA,94104","Russian,Ukrainian",Pushkin,(415) 901-3434,Under $10,4.5,185
"601 Eddy St,San Francisco,CA,94109","American (New),Bars",Chambers,(415) 496-5178,$11-30,4.0,970
"2834 Diamond St,San Francisco,CA,94131",Mexican,La Corneta Taqueria,(415) 469-8757,$11-30,4.0,1100
"489 3rd St,San Francisco,CA,94107",Italian,La Briciola,(415) 512-0300,$11-30,4.0,880
"1668 Haight St,San Francisco,CA,94117",Indian,Om Indian Cuisine,(415) 525-3705,$11-30,4.0,294
"1257 Taylor St,San Francisco,CA,94108",Italian,Venticello Ristorante,(415) 922-2545,$31-60,4.0,513
"136 Church St,San Francisco,CA,94114",Mexican,El Castillito,(415) 621-3428,$11-30,4.0,845
"2201 Chestnut St,San Francisco,CA,94123","Burgers,American (Traditional)",Super Duper Burgers,(415) 931-6258,$11-30,4.0,876
"4737 Geary Blvd,San Francisco,CA,94118",Szechuan,Dong Bei Mama,(415) 221-4278,$11-30,4.0,389
"184 O'Farrell St,San Francisco,CA,94102","Thai,Noodles",King Of Thai Noodle House,(415) 677-9991,$11-30,3.5,1870
"3154 Fillmore St,San Francisco,CA,94123",,The Greenwich,(415) 508-5898,,4.5,12
"288 Golden Gate Ave,San Francisco,CA,94102","Pizza,Himalayan/Nepalese,Indian",Himalayan Pizza and Momo,(415) 658-7696,$11-30,4.5,139
"637 Larkin St,San Francisco,CA,94109","Vietnamese,Noodles",Pho 2000,(415) 474-1188,Under $10,4.0,793
"1665 Folsom St,San Francisco,CA,94103","Barbeque,Desserts,Sandwiches",CatHead's BBQ,(415) 861-4242,$11-30,4.0,923
"1111 Mission St,San Francisco,CA,94103","Chinese,Lounges,Hot Pot",Tēo Restaurant & Bar,(415) 626-8366,$11-30,3.5,293
"3565 20th St,San Francisco,CA,94110","American (New),Wine Bars",20 Spot,(415) 624-3140,$11-30,4.5,243
"3336 Sacramento St,San Francisco,CA,94118","American (Traditional),Barbeque",Smokin' Warehouse Barbecue - Sacramento Street,(415) 440-0088,$11-30,4.0,55
"303 2nd St,San Francisco,CA,94107",Thai,Rooster & Rice,(415) 896-2000,$11-30,4.0,367
"2642 Ocean Ave,San Francisco,CA,94132","Korean,Bars",Wang Dae Bak,(415) 564-1500,$11-30,3.5,288
"2298 Fillmore St,San Francisco,CA,94115","Bars,American (Traditional)",Palmer's,(415) 732-7777,$11-30,3.5,260
"431 Balboa St,San Francisco,CA,94118","Sushi Bars,Japanese",Sushi Bistro,(415) 933-7100,$11-30,4.0,1521
"474 3rd St,San Francisco,CA,94107","Sushi Bars,Japanese",Hakashi Japanese Bar & Grill,(415) 872-9589,$11-30,4.5,223
"3339 Steiner St,San Francisco,CA,94123","Sushi Bars,Japanese",Ace Wasabi  Rock-N-Roll Sushi,(415) 567-4903,$11-30,4.0,951
"2206 Polk St,San Francisco,CA,94109","Japanese,Sushi Bars",Kinjo,(415) 921-2222,Above $61,4.0,136
"3673 Sacramento St,San Francisco,CA,94118","Italian,Breakfast & Brunch,Seafood",Magic Flute Ristorante,(415) 922-1225,$11-30,4.0,545
"2608 Ocean Ave,San Francisco,CA,94132","Japanese,Hot Pot",Shabu House,(415) 586-8800,$11-30,3.5,515
"160 Jefferson St,Lower Level,San Francisco,CA,94133","Bakeries,Salad,Sandwiches",Boudin Bakery & Cafe,(415) 928-1849,$11-30,4.0,3717
"680 8th St,Ste 170,San Francisco,CA,94103","Sports Bars,Barbeque",Hardwood Bar & Smokery,(415) 796-2437,$11-30,4.0,105
"3915 24th St,San Francisco,CA,94114","Mediterranean,Middle Eastern,Turkish",Sultan's Kebab,(415) 923-8545,$11-30,4.0,96
"2141 Polk St,San Francisco,CA,94109",American (New),Street Restaurant and Bar,(415) 775-1055,$11-30,4.0,635
"129 Ellis St,San Francisco,CA,94102",Italian,Puccini & Pinetti,(415) 392-5500,$11-30,3.5,1090
"1516 Folsom St,San Francisco,CA,94103","Sushi Bars,Ramen,Poke",Eat Sushi Restaurant,(415) 355-1288,$11-30,4.5,157
"1475 Polk St,San Francisco,CA,94109","Asian Fusion,Vietnamese",Crustacean,(415) 776-2722,$31-60,3.5,1573
"151 3rd St,San Francisco,CA,94103","American (New),Seafood",In Situ,(415) 941-6050,$31-60,3.5,492
"165 O'Farrell St,Fl 3,San Francisco,CA,94102","American (New),French,Bars",ONE65 Bistro & Grill,(628) 225-2806,$31-60,4.5,103
"1299 18th St,San Francisco,CA,94107","Breakfast & Brunch,American (New)",Plow,(415) 821-7569,$11-30,4.0,2604
"91 Drumm St,San Francisco,CA,94111","Mediterranean,Desserts,Salad",Oasis Grill,(415) 781-0313,$11-30,4.0,1243
"22 Peace Plz,Fl 2,San Francisco,CA,94115","Japanese,Sushi Bars",Kui Shin Bo,(415) 922-9575,$11-30,3.5,757
"336 O'Farrell St,San Francisco,CA,94102","Halal,Middle Eastern,Mediterranean",The Halal Guys,(415) 359-9418,$11-30,3.5,811
"337 3rd St,San Francisco,CA,94107","Italian,Pizza",Pazzia Ristorante Italiano,(415) 512-1693,$11-30,4.0,981
"919 Kearny St,San Francisco,CA,94133",Chinese,House of Nanking,(415) 421-1429,$11-30,3.5,3383
"705 Geary St,San Francisco,CA,94109","Sushi Bars,Japanese,Seafood",Elephant Sushi,(415) 374-7186,$11-30,4.5,282
"5546 Geary Blvd,San Francisco,CA,94121","Italian,Pizza,American (New)",Gaspare's Pizza House & Italian Restaurant,(415) 387-5025,$11-30,4.0,939
"50 Post St,Ste 65,San Francisco,CA,94104","Cambodian,Asian Fusion,Chicken Wings",Braised + Bread,(626) 222-6644,$11-30,4.5,109
"1233 9th Ave,San Francisco,CA,94122",Burgers,Jenny's Burgers,(415) 753-1453,$11-30,4.0,610
"3319 Mission St,San Francisco,CA,94110","Ramen,Noodles",Coco's Ramen,(415) 648-7722,$11-30,4.0,502
"4828 Geary Blvd,San Francisco,CA,94118","Mongolian,Sushi Bars",Great Mongolia Nomads Restaurant,(415) 379-6250,$11-30,4.5,71
"1351 Church St,San Francisco,CA,94114","British,Tea Rooms",Lovejoy's Tea Room,(415) 648-5895,$11-30,4.5,1198
"882 Sutter St,San Francisco,CA,94109",Tacos,Chisme Cantina,(415) 370-7070,$11-30,4.5,413
"52 Belden Pl,San Francisco,CA,94104","American (New),Gastropubs,Venues & Event Spaces",Toy Soldier,(415) 906-9048,$11-30,3.5,163
"133 6th St,San Francisco,CA,94103",Falafel,Falafelland,(415) 424-1552,$11-30,5.0,199
"1075 California St,San Francisco,CA,94108","Lounges,American (New),Breakfast & Brunch",The Big 4,(415) 771-1140,$31-60,4.0,657
"1 Ferry Building,Ste 6,San Francisco,CA,94111","Ice Cream & Frozen Yogurt,Salad,Burgers",Gott's Roadside,(415) 318-3423,$11-30,3.5,2685
"642 Clement St,San Francisco,CA,94118","Pubs,Burgers,Tapas Bars",Richmond Republic Draught House,(415) 702-6069,$11-30,4.0,379
"531 Haight St,San Francisco,CA,94117","Japanese,Sushi Bars",Hot Zushi,(415) 863-8638,$11-30,4.5,150
"4827 Mission St,San Francisco,CA,94112","Hawaiian,Barbeque",Hawaiian Drive Inn,(415) 586-9382,Under $10,4.0,365
"4243 18th St,San Francisco,CA,94114","Sushi Bars,Japanese",Takara Sushi,(415) 626-7864,$11-30,3.5,313
"919 Divisadero St,San Francisco,CA,94115","Breakfast & Brunch,Southern,Cajun/Creole",Brenda's Meat & Three,(415) 926-8657,$11-30,4.0,1094
"705 Divisadero St,San Francisco,CA,94117","Barbeque,Burgers,Sandwiches",4505 Burgers & BBQ - San Francisco,(415) 231-6993,$11-30,3.5,1572
"1434 18th St,San Francisco,CA,94107","Breakfast & Brunch,American (Traditional),Halal",Cracked & Battered,(415) 926-8645,$11-30,4.5,692
"398 7th St,San Francisco,CA,94103","Sports Bars,American (Traditional),Chicken Wings",Rumors,(415) 741-9691,$11-30,4.0,260
"476 Castro St,San Francisco,CA,94114","Wine Bars,French",Blush!,(415) 558-0893,$11-30,4.0,307
"121 9th St,San Francisco,CA,94103",Ethiopian,Moya,(415) 431-5544,$11-30,4.0,375
"205 Oak St,San Francisco,CA,94102","Japanese,Sushi Bars",O-Toro Sushi,(415) 553-3986,$11-30,4.0,802
"600 The Embarcadero,San Francisco,CA,94107","American (Traditional),Breakfast & Brunch",Delancey Street Restaurant,(415) 512-5179,$11-30,4.0,1596
"945 Cole St,San Francisco,CA,94117","Pizza,Breakfast & Brunch,Italian",Bambino's Ristorante,(415) 731-1343,$11-30,4.0,557
"145 2nd St,San Francisco,CA,94105","Pizza,Italian,Sandwiches",Jersey,(415) 912-1502,$11-30,4.0,441
"1535 Haight St,San Francisco,CA,94117",Pizza,Slice House Haight by Tony Gemignani,(415) 552-2520,$11-30,4.0,258
"495 Jefferson St,San Francisco,CA,94109","Seafood,Cocktail Bars",Blue Mermaid Restaurant,(415) 771-2222,$11-30,3.5,809
"20 Cosmo Pl,San Francisco,CA,94109","Vietnamese,Venues & Event Spaces,French",Le Colonial,(415) 931-3600,$31-60,3.5,1666
"1601 Howard St,San Francisco,CA,94103","Asian Fusion,Wine Bars,Sri Lankan",1601 Bar & Kitchen,(415) 552-1601,$31-60,4.0,278
"252 California St,San Francisco,CA,94111","Middle Eastern,Cocktail Bars,Wine Bars",Michael Mina,(415) 397-9222,$31-60,4.0,1228
"373 Broadway,San Francisco,CA,94133",American (New),Coi,(415) 393-9000,Above $61,4.0,786
"San Francisco,CA,94104","Filipino,Food Trucks,Asian Fusion",Señor Sisig,(855) 747-4455,$11-30,4.0,1592
"865 Market St,San Francisco,CA,94103",,NooBowl,,,4.0,8
"530 Valencia St,San Francisco,CA,94110",Salvadoran,Panchitas Pupuseria,(415) 913-7273,$11-30,4.0,43
"2809 24th St,San Francisco,CA,94110","Japanese,Sushi Bars,Soup",Kazan,(415) 282-2001,$11-30,4.0,411
"165 O'Farrell St,San Francisco,CA,94102","French,American (New)",O' by Claude Le Tohic,(628) 222-7627,Above $61,5.0,56
"8 Kenneth Rexroth Pl,San Francisco,CA,94133",Chinese,Eight Tables by George Chen,(415) 788-8788,Above $61,4.5,123
"100 Hooper St,Ste 4,San Francisco,CA,94107","Breweries,Cocktail Bars,American (New)",The Seven Stills Brewery & Distillery,(415) 757-0178,$11-30,4.0,70
"1335 Fulton St,Ste 101,San Francisco,CA,94117","Japanese,Sushi Bars",jū-ni,(415) 655-9924,Above $61,4.5,311
"701 Columbus Ave,San Francisco,CA,94133",Italian,Da Flora-A Venetian Osteria,(415) 981-4664,$31-60,4.0,299
"2814 19th St,San Francisco,CA,94110","Breakfast & Brunch,American (New),Diners",Universal Cafe,(415) 821-4608,$11-30,4.0,1358
"250 4th St,Ground Fl,Virgin Hotels,San Francisco,CA,94103",,Commons Club,(415) 534-6500,,4.0,86
"1353 Taraval St,San Francisco,CA,94116","Bubble Tea,Cafes,Korean",Stix,(415) 463-6577,Under $10,4.5,79
"501 6th St,San Francisco,CA,94103",Vietnamese,Turtle Tower,(415) 904-9888,$11-30,3.5,667
"1319 9th Ave,San Francisco,CA,94122",Thai,Sriracha Thai Cuisine,(415) 564-7722,$11-30,4.0,181
"2001 Taraval St,San Francisco,CA,94116",Korean,Shin Toe Bul Yi,(415) 566-9221,$11-30,4.0,610
"680 Folsom St,San Francisco,CA,94107",,ALX by Alexander's Steakhouse,(415) 266-1111,,3.5,157
"620 Gough St,San Francisco,CA,94102",Sushi Bars,Robin,,Above $61,4.0,365
"1815 Market St,San Francisco,CA,94103","Sushi Bars,Japanese",Sushi Zone,(415) 621-1114,$11-30,4.0,1040
"533 Jones St,San Francisco,CA,94102","Burgers,Chicken Wings,Halal",Halal Wings Plus,(415) 440-7786,$11-30,4.0,452
"1098 Sutter St,San Francisco,CA,94109","Middle Eastern,Halal,Arabian",Yemeni Restaurant,(415) 441-8832,$11-30,4.0,442
"1509 Hyde St,San Francisco,CA,94109","Seafood,Live/Raw Food",Hyde Street Seafood House And Raw Bar,(415) 931-3474,$11-30,3.5,766
"401 Columbus Ave,San Francisco,CA,94133","Pizza,Sicilian",Trattoria Pinocchio,(415) 392-1472,$11-30,3.5,848
"415 Brannan St,San Francisco,CA,94107","Thai,Ramen",Sun and Moon,(415) 872-9555,$11-30,4.5,146
"3071 16th St,San Francisco,CA,94103",Mexican,Pancho Villa Taqueria,(415) 864-8840,Under $10,4.0,2606
"430 Broadway St,San Francisco,CA,94133","Hot Pot,Chinese",Fondue Chinoise,(415) 217-8888,$11-30,3.5,89
"2417 California St,San Francisco,CA,94115","Breakfast & Brunch,French,American (New)",Curbside Cafe,(415) 929-9030,$11-30,4.0,739
"1574 California St,San Francisco,CA,94109","Vietnamese,Asian Fusion",Cordon Bleu,(415) 673-5637,Under $10,4.0,1068
"500 Church St,San Francisco,CA,94114",,Mauerpark,(415) 525-4429,,4.5,66
"425 Mission St,Salesforce Transit Plz,San Francisco,CA,94105",,Boutique Crenn X Cubert,,,4.5,7
"658 Market St,San Francisco,CA,94104","Sushi Bars,Bars,Tapas/Small Plates",GINTO Izakaya Japonaise,(415) 530-2466,$11-30,3.5,602
"3036 16th St,San Francisco,CA,94103",Mexican,Taqueria Los Coyotes,(415) 861-3708,$11-30,3.5,904
"422 Geary St,San Francisco,CA,94102",,Tonton Restaurant,,,4.0,52
"575 Mission St,San Francisco,CA,94105","Seafood,Asian Fusion,Hawaiian",Roy's Restaurant,(415) 777-0277,$31-60,4.0,2293
"3044 Taraval St,San Francisco,CA,94116","Sports Bars,Chicken Wings,Burgers",After Hours,(415) 890-4618,$11-30,4.5,111
"1234 Noriega St,San Francisco,CA,94122","Japanese,Sushi Bars",Fujiyama-Ya Japanese Restaurant,(415) 665-1772,$11-30,4.0,547
"1506 Fillmore St,San Francisco,CA,94115",Korean,Arang Restaurant,(415) 775-9095,$11-30,3.5,618
"4041 Judah St,San Francisco,CA,94122",Thai,Thai Cottage Restaurant,(415) 566-5311,$11-30,4.0,230
"510 Green St,San Francisco,CA,94133","Italian,Pizza",Sodini's Green Valley Restaurant,(415) 291-0499,$11-30,4.0,916
"2623 San Bruno Ave,San Francisco,CA,94134",Ramen,Ramen House,(415) 988-7929,$11-30,4.0,102
"198 5th St,San Francisco,CA,94103","Burgers,Irish Pub",The Chieftain Irish Pub & Restaurant,(415) 625-0436,$11-30,4.0,871
"1355 Market St,San Francisco,CA,94103","Italian,Pasta Shops,Cooking Classes",Tortellino,(628) 235-7927,$11-30,4.5,21
"1713 Taraval St,San Francisco,CA,94116",Dim Sum,Kingdom of Dumpling,(415) 566-6143,Under $10,3.5,2071
"599 Castro St,San Francisco,CA,94114","Thai,Noodles",Thai House Express,(415) 864-5000,$11-30,3.5,594
"685 3rd St,San Francisco,CA,94107",Gastropubs,Woodbury,(415) 475-9398,$11-30,4.0,213
"200 Jefferson St,San Francisco,CA,94133","Food Stands,Seafood,Soup",Fisherman's Wharf  Chowder and Crab Sidewalk Stands,,$11-30,3.5,396
"1655 Divisadero St,San Francisco,CA,94115",Vietnamese,My Father's Kitchen,(415) 829-2610,$11-30,3.5,463
"507 Divisadero St,San Francisco,CA,94117","Wine Bars,American (New),Beer Bar",Wine Kitchen,(415) 525-3485,$11-30,4.0,182
"555 2nd St,San Francisco,CA,94107","Cocktail Bars,Gastropubs",Lord George,(415) 660-7633,$11-30,4.0,265
"624 Post St,San Francisco,CA,94109","Italian,Desserts,Pizza",Fino Ristorante & Bar,(415) 928-2080,$31-60,4.0,1167
"781 Broadway,San Francisco,CA,94133",,Taishan Cuisine,(415) 788-2288,,5.0,4
"531 Castro St,San Francisco,CA,94114","Burgers,Bars,American (Traditional)",Hamburger Mary's,(415) 580-7145,$11-30,3.0,288
"532 Green St,San Francisco,CA,94133","Ethiopian,Eritrean,American (Traditional)",Massawa Restaurant,(415) 621-4129,$11-30,4.5,271
"130 Townsend St,San Francisco,CA,94107","Mexican,Lounges,Cocktail Bars",Tres Tequila Lounge & Mexican Kitchen,(415) 227-0500,$11-30,3.0,1657
"762 Divisadero St,San Francisco,CA,94117","Bars,American (Traditional)",Fly Bar,(415) 780-1630,$11-30,4.0,750
"855 Divisadero St,San Francisco,CA,94117",Mexican,El Rancho Grande,(415) 673-8226,$11-30,4.0,363
"2435 Clement St,San Francisco,CA,94121",Szechuan,Yiyi's Mandarin Kitchen,(415) 702-6109,$11-30,4.0,43
"1454 Grant Ave,San Francisco,CA,94133",French,Cafe Jacqueline,(415) 981-5565,$31-60,4.0,655
"3091 16th St,San Francisco,CA,94103","Salvadoran,Mexican",Panchita's Restaurant,(415) 431-4232,$11-30,4.0,697
"1140 Ocean Ave,San Francisco,CA,94112","Halal,Indian,Pakistani",Pakwan Restaurant,(415) 841-8400,$11-30,4.0,321
"430 Geary Blvd,San Francisco,CA,94102","Ramen,Noodles",Amami,(415) 829-2424,$11-30,4.0,209
"340 Stockton St,San Francisco,CA,94108","American (New),Indian,Bars",Campton Place,(415) 955-5555,Above $61,4.0,745
"450 Rhode Island St,Whole Foods Market 365,San Francisco,CA,94107","Burgers,Vegan,Gluten-Free",Next Level Burger,(415) 829-8485,$11-30,4.0,190
"2455 Mason St,San Francisco,CA,94133","Italian,Seafood",Pescatore,(415) 561-1111,$11-30,3.5,373
"155 Steuart St,San Francisco,CA,94105","American (Traditional),Bars,Breakfast & Brunch",Perry's - Embarcadero,(415) 495-6500,$11-30,3.5,783
"7001 Geary Blvd,San Francisco,CA,94121","Japanese,Sushi Bars",Kufuya Japanese Restaurant,(415) 668-8699,$11-30,4.0,537
"1551 Dolores St,San Francisco,CA,94110","Wine Bars,Cafes,Beverage Store",Noeteca Wine Bar,(415) 824-5524,$11-30,4.5,466
"819 Valencia St,San Francisco,CA,94110","Beer Bar,Sports Bars,Chicken Wings",The Brew Coop,,$11-30,4.5,221
"869 Geary St,San Francisco,CA,94109",Turkish,A La Turca Restaurant,(415) 345-1011,$11-30,4.0,815
"San Francisco,CA,94105",,Anomaly,(415) 871-3521,,5.0,47
"400 Post St,San Francisco,CA,94102","Steakhouses,Bars,Seafood",Morton's The Steakhouse,(415) 986-5830,Above $61,3.5,1244
"1734 Post St,San Francisco,CA,94115","Sushi Bars,Conveyor Belt Sushi",Hikari Sushi & Bar,(415) 872-9116,$11-30,3.5,209
"1728 Buchanan St,San Francisco,CA,94115",Ramen,Ramen Yamadaya,(415) 795-4164,$11-30,3.5,1441
"1303 Polk St,San Francisco,CA,94109","Moroccan,Halal,Middle Eastern",Aicha Moroccan Cuisine,(415) 345-9947,$11-30,4.0,494
"3349 18th St,San Francisco,CA,94110",Salvadoran,Balompie Cafe,(415) 648-9199,$11-30,4.0,653
"1920 Irving St,San Francisco,CA,94122","Szechuan,Noodles,Soup",Szechuan Cuisine,(415) 661-8322,$11-30,4.0,343
"155 Columbus Ave,San Francisco,CA,94133","Lounges,American (New)",Comstock Saloon,(415) 617-0073,$11-30,4.0,965
"248 Fillmore St,San Francisco,CA,94117","Bakeries,Desserts,French",Choux,(415) 757-0722,$11-30,4.0,208
"5937 Geary Blvd,San Francisco,CA,94121","Thai,Noodles",Khan Toke Thai House,(415) 668-6654,$11-30,4.0,624
"1 Market St,San Francisco,CA,94105",American (New),One Market Restaurant,(415) 777-5577,$31-60,3.5,1315
"838 Divisadero St,San Francisco,CA,94117","Italian,American (New)",Che Fico,(415) 416-6959,$31-60,3.5,500
"2217 Market St,San Francisco,CA,94114",Indian,Tara Indian Cuisine,(415) 861-6655,$11-30,4.0,349
"808 Divisadero St,San Francisco,CA,94117",Japanese,Hina Yakitori,(415) 757-0749,Above $61,4.0,32
"63 Ellis St,San Francisco,CA,94102","Steakhouses,Seafood",John's Grill,(415) 986-0069,$31-60,3.5,1297
"240 Front St,San Francisco,CA,94111","Pubs,German,Beer Bar",Schroeder's,(415) 421-4778,$11-30,3.5,489
"1494 California St,San Francisco,CA,94109",American (New),Olea,(415) 202-8521,$11-30,4.0,919
"3251 20th Ave,San Francisco,CA,94132","Pizza,Salad,Fast Food",Blaze Fast-Fire'd Pizza,(415) 242-6282,$11-30,3.5,607
"1101 Valencia St,San Francisco,CA,94110",Indian,Aditi Indian Cuisine,(415) 401-8959,$11-30,4.0,91
"5020 Geary Blvd,San Francisco,CA,94118","Thai,Seafood",Amphawa,(415) 221-2824,$11-30,4.0,465
"713 Clay St,San Francisco,CA,94108",Chinese,Sam Wo Restaurant,(415) 989-8898,Under $10,4.0,1057
"865 Market St,San Francisco,CA,94103","American (New),Cocktail Bars",Bazille,(415) 977-5155,$11-30,4.0,85
"10 29th St,San Francisco,CA,94110","Greek,Middle Eastern,Mediterranean",Goood Frikin Chicken,(415) 970-2428,$11-30,3.5,897
"2943 Mission St,San Francisco,CA,94110",Nicaraguan,El Rinconcito Nicaraguense,(415) 643-4620,$11-30,4.0,44
"2543 Noriega St,San Francisco,CA,94122","Karaoke,Taiwanese,Cantonese",Underground Grill King,(415) 753-9383,Under $10,4.0,78
"840 Ulloa St,San Francisco,CA,94127","Steakhouses,Burgers,American (Traditional)",Bullshead Restaurant,(415) 665-4350,$11-30,4.0,817
"Pier 3,Ste 102,San Francisco,CA,94111","American (New),Southern,Cocktail Bars",Hard Water,(415) 392-3021,$11-30,3.5,650
"1793 Haight St,San Francisco,CA,94117","Sushi Bars,Japanese",Ginza Sushi & Sake,(415) 742-0552,$11-30,4.0,479
"2240 Mission St,San Francisco,CA,94110",Burgers,WesBurger ‘N' More,(415) 745-9371,$11-30,4.0,576
"665 Townsend St,San Francisco,CA,94103","Sushi Bars,Japanese",Omakase,(415) 865-0633,Above $61,4.5,470
"160 Jefferson St,Fl 2,San Francisco,CA,94133","Bakeries,Beer, Wine & Spirits,Seafood",Bistro Boudin,(415) 351-5561,$11-30,3.5,887
"San Francisco,CA,94129",,Pye,(415) 830-4660,,4.5,33
"5336 Geary Blvd,San Francisco,CA,94121","Ramen,Noodles",Ichiraku Ramen,(415) 813-0878,$11-30,4.0,243
"24 Willie Mays Plz,AT&T Park,San Francisco,CA,94107","Seafood,Food Stands",Crazy Crab'z,,$11-30,4.0,232
"524 Castro St,San Francisco,CA,94114","Sushi Bars,Japanese",Wasabi Bistro,(415) 817-9617,$11-30,4.0,458
"3000 20th St,San Francisco,CA,94110",American (New),Central Kitchen,(415) 826-7004,$31-60,3.5,587
"5037 Geary Blvd,San Francisco,CA,94118",Szechuan,Sichuan Home,(415) 221-3288,$11-30,4.0,462
"301 Mission St,San Francisco,CA,94105","American (New),Cocktail Bars",International Smoke San Francisco,(415) 543-7474,$31-60,4.0,1254
"295 Terry A Francois Blvd,San Francisco,CA,94158","Seafood,American (New),Breakfast & Brunch",ATwater Tavern,(415) 512-7153,$11-30,3.5,332
"34 Mason St,San Francisco,CA,94102","Gastropubs,Beer Bar,Breakfast & Brunch",Mikkeller Bar,(415) 984-0279,$11-30,4.0,1229
"161 Steuart St,San Francisco,CA,94105","Sushi Bars,Japanese",Ozumo,(415) 882-1333,$31-60,3.5,2202
"1000 Bush St,San Francisco,CA,94109","Pizza,Coffee & Tea,Bakeries",Gusto Pinsa Romana,(415) 678-5339,$11-30,5.0,289
"2500 Washington St,San Francisco,CA,94115",French,Chouquet's,(415) 359-0075,$11-30,3.5,596
"1512 Stockton St,San Francisco,CA,94133",Italian,North Beach Restaurant,(415) 889-2947,$11-30,3.5,837
"680 Clay St,San Francisco,CA,94111",Ramen,Hinodeya Downtown,,$11-30,4.5,145
"San Francisco,CA,94103",,Kiss My Seoul,(626) 823-8999,,5.0,28
"511 Laguna St,San Francisco,CA,94102","Sushi Bars,Japanese",Domo,(415) 861-8887,$11-30,4.0,890
"532 Jones St,San Francisco,CA,94102","Pakistani,Indian",Shalimar,(415) 928-0333,$11-30,4.0,1431
"646 Washington St,San Francisco,CA,94111","Dim Sum,Seafood",Golden Saba Seafood,(415) 658-7336,$11-30,4.5,152
"707 Ellis St,San Francisco,CA,94109","Chinese,Vietnamese,Noodles",Hai Ky Noodles,(415) 771-2577,$11-30,4.5,952
"3109 16th St,San Francisco,CA,94103",Mediterranean,Truly Mediterranean,(415) 252-7482,Under $10,4.0,1203
"960 Grant Ave,San Francisco,CA,94108","Cantonese,Seafood,Noodles",Hong Kong Clay Pot Restaurant,(415) 989-2638,$11-30,4.0,901
"270 Columbus Ave,San Francisco,CA,94133","Italian,Seafood,Pizza",È Tutto Qua,(415) 989-1002,$11-30,4.0,2179
"1469 18th St,San Francisco,CA,94107","Peruvian,Cocktail Bars,Breakfast & Brunch",Mochica,(415) 278-0480,$11-30,4.0,518
"775 Valencia St,San Francisco,CA,94110","Bars,American (New)",Curio,(415) 551-7306,$11-30,4.0,105
"3801 17th St,San Francisco,CA,94114","Korean,Asian Fusion,Specialty Food",Saucy Asian,(415) 834-5555,$11-30,4.0,294
"708 Post St,San Francisco,CA,94109",Burgers,Pearl's Deluxe Burgers,(415) 409-6120,$11-30,4.0,2191
"5176 3rd St,San Francisco,CA,94124","Soul Food,Seafood,Southern",Frisco Fried,(415) 822-1517,$11-30,4.0,416
"1650 Balboa St,San Francisco,CA,94121","Tapas/Small Plates,Ramen,Asian Fusion",Kaiju Cooks,(415) 221-6288,$11-30,4.5,96
"288 Connecticut St,San Francisco,CA,94107",Vietnamese,Sunflower Vietnamese Restaurant,(415) 861-2336,$11-30,3.5,772
"635 Clay St,San Francisco,CA,94111",Italian,Mangia Tutti Ristorante,(415) 788-2088,$11-30,4.0,434
"9 Pier,Ste 111,San Francisco,CA,94111",,Shack 15,(415) 359-0791,,5.0,2
"3176 17th St,San Francisco,CA,94110","Bowling,Breakfast & Brunch,Cocktail Bars",Mission Bowling Club,(415) 863-2695,$11-30,4.0,606
"545 Mission St,San Francisco,CA,94105","American (New),Bars",Salt House,(415) 543-8900,$31-60,3.5,1729
"226 Kearny St,San Francisco,CA,94108","Japanese,Sushi Bars,Asian Fusion",Sushirrito,(415) 544-9868,$11-30,4.0,1514
"660 Howard St,San Francisco,CA,94105","Chinese,Asian Fusion",Fang,(415) 777-8568,$11-30,3.5,1622
"2110 Irving St,San Francisco,CA,94122","Chinese,Noodles",Yuanbao Jiaozi,(415) 702-6506,Under $10,4.0,316
"3213 Scott St,San Francisco,CA,94123","American (New),Italian,Cocktail Bars",Maybeck's,(415) 400-8500,$31-60,4.0,308
"4166 24th St,San Francisco,CA,94114",,Bon AppeTikka,(415) 648-4416,,4.5,54
"203 Parnassus Ave,San Francisco,CA,94117","Middle Eastern,Mediterranean",Taboun,(415) 566-9696,Under $10,4.0,259
"2237 Powell St,San Francisco,CA,94133","Burgers,Bars",Burger Shack,(415) 523-6818,$11-30,4.5,253
"201 Spear St,Ste 120,San Francisco,CA,94105","Japanese,Beer, Wine & Spirits",Gozu,(415) 523-9745,Above $61,4.5,37
"401 Balboa St,San Francisco,CA,94118","Korean,Salad,Seafood",Muguboka Restaurant,(415) 668-6007,$11-30,4.0,767
"1946 Fillmore St,San Francisco,CA,94115","Japanese,Korean,Gluten-Free",Glaze Teriyaki,(415) 590-2199,$11-30,4.0,465
"1750 Divisadero St,San Francisco,CA,94115","Sports Bars,Burgers,Hot Dogs",San Francisco Athletic Club,(415) 923-8989,$11-30,4.0,236
"1615 McAllister St,San Francisco,CA,94115",Chinese,Kung Food,(415) 673-6688,$11-30,4.0,526
"San Francisco,CA,94124","Barbeque,Pop-Up Restaurants",Native Sons BBQ,(415) 890-5227,$11-30,4.5,32
"3161 24th St,San Francisco,CA,94110",,Great Gold,(415) 829-7814,,4.0,82
"528 Washington St,San Francisco,CA,94111",,Verjus,(415) 944-4600,,3.5,87
"550 Taylor St,San Francisco,CA,94102",Korean,Cocobang,(415) 292-5144,$11-30,3.5,918
"111 Mason St,San Francisco,CA,94102","American (New),Cocktail Bars,Steakhouses",Gibson,(415) 771-7709,$31-60,4.0,167
"3614 Balboa St,San Francisco,CA,94121","Vietnamese,Noodles",Kim Son Vietnamese Restaurant,(415) 221-3811,Under $10,4.0,711
"2598 Harrison St,San Francisco,CA,94110","Japanese,Sushi Bars",Sushi Hon,(415) 525-4527,Above $61,4.0,344
"2550 Mission St,San Francisco,CA,94110","Bars,Cinema,Dinner Theater",Alamo Drafthouse Cinema New Mission,(415) 549-5959,$11-30,3.5,858
"3170 16th St,San Francisco,CA,94103","Chinese,Vegetarian",Big Lantern,(415) 863-8100,$11-30,3.5,890
"149 Fell St,San Francisco,CA,94102","Mexican,Bars,Seafood",Cala,(415) 660-7701,$31-60,3.5,475
"451 Gough St,San Francisco,CA,94102","French,Wine Bars,Desserts",Monsieur Benjamin,(415) 403-2233,$31-60,4.0,929
"5454 Geary Blvd,San Francisco,CA,94121",Japanese Curry,Volcano,(415) 752-7671,Under $10,4.0,1150
"942 Geneva Ave,San Francisco,CA,94112","Pubs,Comfort Food,American (Traditional)",The Dark Horse Inn,(415) 469-5508,$11-30,4.5,313
"366 Golden Gate Ave,San Francisco,CA,94102","Korean,Soup,Noodles",Jin Mi Korean Cuisine,(415) 834-5007,$11-30,4.0,453
"1015 Battery St,San Francisco,CA,94111","Basque,French",Piperade,(415) 391-2555,$31-60,4.0,873
"484 Ellis St,San Francisco,CA,94102",Ethiopian,Tadu Ethiopian Kitchen,(415) 409-6649,$11-30,4.5,664
"1963 Sutter St,San Francisco,CA,94115","American (New),Seafood",Gardenias,(415) 621-7122,$31-60,4.0,133
"1601 Van Ness Ave,San Francisco,CA,94109",Steakhouses,Ruth's Chris Steak House,(415) 673-0557,$31-60,4.0,2122
"56 Belden Pl,San Francisco,CA,94104",,Tin Cactus,(415) 906-9048,,4.5,20
"125 Kearny St,San Francisco,CA,94108",Thai,Rooster & Rice,(415) 705-1500,$11-30,4.0,333
"393 Bay St,San Francisco,CA,94133",Thai,New Thai Elephant,(415) 818-8999,$11-30,4.5,81
"2250 Chestnut St,San Francisco,CA,94123","Mexican,Cocktail Bars",Tacolicious,(415) 649-6077,$11-30,3.5,1609
"836 Clement St,San Francisco,CA,94118","Malaysian,Singaporean,Asian Fusion",Lime Tree Southeast Asian Kitchen,(415) 831-8811,$11-30,4.0,324
"1358 Mason St,San Francisco,CA,94133",Italian,AltoVino,(415) 834-5766,$31-60,4.5,85
"140 New Montgomery St,San Francisco,CA,94105","American (New),Cocktail Bars",Trou Normand,(415) 975-0876,$31-60,4.0,558
"329 Kearny St,San Francisco,CA,94108","Mediterranean,Middle Eastern,Greek",Sababa,(415) 800-6853,$11-30,4.5,334
"1283 9th Ave,San Francisco,CA,94122","Sushi Bars,Japanese",Ebisu,(415) 566-1770,$11-30,4.0,1794
"737 Irving St,San Francisco,CA,94122","Latin American,Peruvian",Fresca,(415) 742-5727,$11-30,3.5,289
"150 Stockton St,San Francisco,CA,94108","American (New),Tea Rooms",The Rotunda,(415) 249-2720,$31-60,4.0,1676
"1634 Bush St,San Francisco,CA,94109","Japanese,Sushi Bars",Akira Japanese Restaurant,(415) 800-8498,$11-30,4.5,353
"406 Dewey Blvd,San Francisco,CA,94116","Sushi Bars,Japanese",Yoji Sushi House,(415) 681-0128,$11-30,4.0,263
"799 Valencia St,San Francisco,CA,94110",Mediterranean,Yasmin,(415) 724-1899,$11-30,4.5,57
"2419 3rd St,San Francisco,CA,94107","American (New),Wine Tasting Classes,Wine Bars",Ungrafted,(415) 814-2129,$31-60,4.0,94
"2953 Baker St,San Francisco,CA,94123","French,Breakfast & Brunch",Baker Street Bistro,(415) 931-1475,$11-30,4.0,610
"400 Grove St,San Francisco,CA,94102","American (New),Desserts,Salad",Little Gem,(415) 914-0501,$11-30,3.5,438
"92 Judah St,San Francisco,CA,94122","Asian Fusion,Thai",pomelo on Judah,(415) 731-6175,$11-30,4.0,436
"1328 18th St,San Francisco,CA,94107","Japanese,Sushi Bars",Umi,(415) 355-1328,$11-30,4.0,595
"2172 Market St,San Francisco,CA,94114",Breakfast & Brunch,Wooden Spoon,(415) 946-3005,$11-30,4.5,364
"2 Marina Blvd,Bldg C Ste 260,San Francisco,CA,94123","German,Gastropubs,Breakfast & Brunch",Radhaus,(415) 445-4556,$11-30,3.5,181
"2101 Sutter St,San Francisco,CA,94115","American (Traditional),Breakfast & Brunch,Burgers",Sweet Maple,(415) 655-9169,$11-30,4.5,3661
"39 Taylor St,San Francisco,CA,94102","Italian,Wine Bars,Barbeque",Dispensa Italian Charcoal Kitchen,(415) 896-4021,$31-60,4.5,99
"3750 Geary Blvd,San Francisco,CA,94118",Italian,Mescolanza,(415) 668-2221,$11-30,4.0,154
"2501 Mariposa St,San Francisco,CA,94110","American (New),Cocktail Bars,Desserts",The Morris,(415) 612-8480,$31-60,4.5,254
"1326 9th Ave,San Francisco,CA,94122","Breweries,American (New),Breakfast & Brunch",Social Kitchen & Brewery,(415) 681-0330,$11-30,3.5,959
"1640 Post St,Fl 2,San Francisco,CA,94115","Korean,Barbeque",Yakiniq,(415) 441-9292,$11-30,3.0,1391
"206 Valencia St,San Francisco,CA,94103",,Sushi Shio,(415) 529-1030,,4.0,41
"4039 18th St,San Francisco,CA,94114","Chicken Shop,Thai",Rooster & Rice,(415) 346-9700,$11-30,4.0,28
"1123 Taraval,San Francisco,CA,94116",,Dumpling Specialist,(415) 640-1403,,4.5,96
"3409 Geary Blvd,San Francisco,CA,94118","Sushi Bars,Ramen,Izakaya",Kaiju Eats Ramen and Izakaya,(415) 742-4309,$11-30,4.0,754
"685 Townsend St,San Francisco,CA,94103","Mediterranean,Turkish",Saffron 685,(415) 863-2285,$11-30,4.0,739
"1279 Fulton St,San Francisco,CA,94117",Indian,Saffron Grill,(415) 567-5100,$11-30,4.0,523
"3465 19th St,San Francisco,CA,94110","Cuban,Sandwiches",Media Noche,(415) 655-3904,$11-30,4.0,373
"696 Geary St,San Francisco,CA,94102",Thai,OSHA Thai Noodle Cafe,(415) 673-2368,$11-30,3.5,1653
"3420 Geary Blvd,San Francisco,CA,94118","Burgers,American (New),Beer Bar",Native Burger,(415) 682-4197,$11-30,4.5,243
"100 Van Ness Ave,San Francisco,CA,94102",American (New),Corridor Restaurant,(415) 834-5684,$11-30,4.0,387
"1609 Polk St,San Francisco,CA,94109","Mediterranean,Wine Bars",Dunya Bistro,(415) 400-5770,$11-30,4.0,563
"342 Howard St,San Francisco,CA,94105","American (New),Wine Bars",Town Hall,(415) 908-3900,$31-60,3.5,1959
"4800 3rd St,San Francisco,CA,94124","American (New),Moroccan,Ethiopian",Radio Africa Kitchen,(415) 826-9660,$11-30,4.5,339
"291 6th Ave,San Francisco,CA,94118","Szechuan,Taiwanese,Hot Pot",Spices,(415) 752-8885,$11-30,4.0,188
"900 N Point St,San Francisco,CA,94109","Seafood,Steakhouses",McCormick & Kuleto's Seafood & Steaks,(415) 929-1730,$31-60,3.0,1264
"16 Mint Plz,San Francisco,CA,94103","Italian,Diners,Cocktail Bars",54 Mint - Ristorante Italiano,(415) 543-5100,$31-60,4.0,1165
"1671 Haight St,San Francisco,CA,94117",Vietnamese,DragonEats,(415) 522-6689,Under $10,4.5,201
"1600 Stockton St,San Francisco,CA,94133","Pizza,Italian,Wine Bars",Acquolina,(415) 781-0331,$11-30,4.0,531
"330 1st St,San Francisco,CA,94105","Wine Bars,American (New),Pizza",Local Kitchen & Wine Merchant,(415) 777-4200,$11-30,3.5,1038
"669 Townsend St,San Francisco,CA,94103","Sushi Bars,Izakaya",Okane,(415) 865-9788,$11-30,4.0,369
"1419 Fillmore St,San Francisco,CA,94115","Ethiopian,Jazz & Blues,Piano Bars",Sheba Piano Lounge,(415) 440-7414,$11-30,4.0,589
"810 Van Ness Ave,San Francisco,CA,94109","Sushi Bars,Japanese",Hinata,(415) 829-8291,Above $61,4.5,531
"2274 Lombard St,San Francisco,CA,94123","Ramen,Noodles",Hoshi Ramen & Rice,(415) 610-3929,$11-30,4.5,66
"3193 Mission St,San Francisco,CA,94110","Pizza,Breweries",Cellarmaker House of Pizza,(415) 296-6351,$11-30,4.0,138
"606 Jackson St,San Francisco,CA,94133","Chinese,Wine Bars,Asian Fusion",Z & Y Bistro,(415) 986-1899,$11-30,4.0,132
"907 Irving St,San Francisco,CA,94122","Ethiopian,Vegetarian,Eritrean",New Eritrea Restaurant & Bar,(415) 681-1288,$11-30,4.0,732
"424 Octavia St,San Francisco,CA,94102","German,Beer Gardens",Biergarten,(415) 445-4556,$11-30,4.0,538
"1055 Taraval St,San Francisco,CA,94116",Hot Pot,Simmer,(415) 598-8220,$11-30,4.0,235
"3251 20th Ave,San Francisco,CA,94132",Filipino,Los Kuyas,,Under $10,4.5,51
"4448 Mission St,San Francisco,CA,94112","American (Traditional),Diners,Greek",Golden State Grill,(415) 769-5737,$11-30,4.5,98
"1007 Valencia St,San Francisco,CA,94110","Indian,Vegetarian,Vegan",Udupi Palace,(415) 970-8000,$11-30,4.0,1367
"601 19th St,San Francisco,CA,94107","Latin American,Lounges,Cocktail Bars",School Night,(415) 903-5427,$11-30,4.0,98
"901 Larkin St,San Francisco,CA,94109","Thai,Noodles",House of Thai,(415) 441-2248,$11-30,4.0,1366
"1 Letterman Dr,Bldg D, Ste 150,San Francisco,CA,94129","American (New),Breakfast & Brunch,Bars",Sessions at the Presidio,(415) 655-9413,$11-30,3.5,504
"2127 Polk St,San Francisco,CA,94109",Comfort Food,MAC'D,(415) 795-1026,$11-30,4.0,231
"4627 Geary Blvd,San Francisco,CA,94118",Korean,My Tofu House,(415) 750-1818,$11-30,4.0,1653
"2424 Van Ness Ave,San Francisco,CA,94109","Afghan,Mediterranean,Halal",Helmand Palace,(415) 345-0072,$11-30,4.5,814
